year,code,amount,name,topname,depname,depcat,cat,ref
2020,3102010100,883206000,無細項,總統府主管,總統府,一般行政,國務支出,1.1.1
2020,3102010200,30000000,無細項,總統府主管,總統府,國務機要,國務支出,1.1.2
2020,3102010300,51141000,無細項,總統府主管,總統府,國家慶典,國務支出,1.1.3
2020,3102010400,8214000,國家發展研究及諮詢,總統府主管,總統府,研究發展,國務支出,1.1.4.1
2020,3102010500,7335000,無細項,總統府主管,總統府,新聞發布,國務支出,1.1.5
2020,3102010600,21967000,無細項,總統府主管,總統府,卸任禮遇,國務支出,1.1.6
2020,3102010800,6003000,無細項,總統府主管,總統府,公報編印及印信勳章鑄造,國務支出,1.1.7
2020,3102019800,3072000,無細項,總統府主管,總統府,第一預備金,國務支出,1.1.8
2020,3102100100,174560000,無細項,總統府主管,國家安全會議,一般行政,國務支出,1.2.1
2020,3102102000,21584000,無細項,總統府主管,國家安全會議,諮詢研究業務,國務支出,1.2.2
2020,3102109000,0,交通及運輸設備,總統府主管,國家安全會議,一般建築及設備,國務支出,1.2.3.1
2020,3102109800,500000,無細項,總統府主管,國家安全會議,第一預備金,國務支出,1.2.4
2020,5302300100,166279000,無細項,總統府主管,國史館,一般行政,文化支出,1.3.1
2020,5302301000,18871000,無細項,總統府主管,國史館,檔案文物管理與編纂,文化支出,1.3.2
2020,5302309000,1590000,交通及運輸設備,總統府主管,國史館,一般建築及設備,文化支出,1.3.3.1
2020,5302309800,340000,無細項,總統府主管,國史館,第一預備金,文化支出,1.3.4
2020,5302313000,67060000,無細項,總統府主管,國史館臺灣文獻館,一般行政,文化支出,1.4.1
2020,5302314000,28699000,無細項,總統府主管,國史館臺灣文獻館,文獻業務,文化支出,1.4.2
2020,5302319000,1590000,交通及運輸設備,總統府主管,國史館臺灣文獻館,一般建築及設備,文化支出,1.4.3.1
2020,5202400100,264757000,無細項,總統府主管,中央研究院,一般行政,科學支出,1.5.1
2020,5202401000,3587454000,學術審議及研究獎助,總統府主管,中央研究院,一般學術研究及評議,科學支出,1.5.2.1
2020,5202402000,1629287000,數理科學研究,總統府主管,中央研究院,自然及人文社會科學研究,科學支出,1.5.3.1
2020,5202404000,1150450000,無細項,總統府主管,中央研究院,南部院區,科學支出,1.5.4
2020,5202405000,1022157000,科學研究基金,總統府主管,中央研究院,非營業特種基金,科學支出,1.5.5.1
2020,5202409000,2908000,交通及運輸設備,總統府主管,中央研究院,一般建築及設備,科學支出,1.5.6.1
2020,5202409800,7375000,無細項,總統府主管,中央研究院,第一預備金,科學支出,1.5.7
2020,3203010100,937084000,無細項,行政院主管,行政院,一般行政,行政支出,2.1.1
2020,3203010700,12228000,無細項,行政院主管,行政院,施政及法制業務,行政支出,2.1.2
2020,3203011100,6150000,無細項,行政院主管,行政院,施政推展聯繫,行政支出,2.1.3
2020,3203011500,39793000,無細項,行政院主管,行政院,科技發展研究諮詢,行政支出,2.1.4
2020,3203011600,34390000,無細項,行政院主管,行政院,聯合服務業務,行政支出,2.1.5
2020,3203011800,8019000,無細項,行政院主管,行政院,國土及資通安全業務,行政支出,2.1.6
2020,3203011900,7922000,無細項,行政院主管,行政院,災害防救業務,行政支出,2.1.7
2020,3203012000,18239000,無細項,行政院主管,行政院,性別平等業務,行政支出,2.1.8
2020,3203012200,14419000,無細項,行政院主管,行政院,消保及食安業務,行政支出,2.1.9
2020,3203012300,66112000,無細項,行政院主管,行政院,資訊管理,行政支出,2.1.10
2020,3203012400,52207000,無細項,行政院主管,行政院,新聞傳播業務,行政支出,2.1.11
2020,3203019000,94888000,營建工程,行政院主管,行政院,一般建築及設備,行政支出,2.1.12.1
2020,3203019800,3800000,無細項,行政院主管,行政院,第一預備金,行政支出,2.1.13
2020,3203100100,846077000,無細項,行政院主管,主計總處,一般行政,行政支出,2.2.1
2020,3203101000,3766000,無細項,行政院主管,主計總處,中央總預算核編及執行,行政支出,2.2.2
2020,3203101100,2772000,無細項,行政院主管,主計總處,特種基金預算核編及執行,行政支出,2.2.3
2020,3203101200,4011000,無細項,行政院主管,主計總處,會計及決算業務,行政支出,2.2.4
2020,3203101300,26576000,無細項,行政院主管,主計總處,綜合統計業務,行政支出,2.2.5
2020,3203101400,486079000,無細項,行政院主管,主計總處,國勢普查業務,行政支出,2.2.6
2020,3203101500,16396000,無細項,行政院主管,主計總處,主計訓練業務,行政支出,2.2.7
2020,3203101600,96302000,無細項,行政院主管,主計總處,主計資訊業務,行政支出,2.2.8
2020,3203109000,22195000,營建工程,行政院主管,主計總處,一般建築及設備,行政支出,2.2.9.1
2020,3203109800,1850000,無細項,行政院主管,主計總處,第一預備金,行政支出,2.2.10
2020,3203300100,349942000,無細項,行政院主管,人事行政總處,一般行政,行政支出,2.3.1
2020,3203300200,198301000,無細項,行政院主管,人事行政總處,人事行政之政策規劃執行及發展,行政支出,2.3.2
2020,3203309800,2000000,無細項,行政院主管,人事行政總處,第一預備金,行政支出,2.3.3
2020,7603303400,4003000,無細項,行政院主管,人事行政總處,第一屆資深中央民代自願退職給付,退休撫卹給付支出,2.3.4
2020,7603303600,9133000,無細項,行政院主管,人事行政總處,執行職務意外傷亡慰問給付,退休撫卹給付支出,2.3.5
2020,7603304300,20000000,無細項,行政院主管,人事行政總處,公教員工資遣退職給付,退休撫卹給付支出,2.3.6
2020,8903304500,1632000000,無細項,行政院主管,人事行政總處,公教人員婚喪生育及子女教育補助,其他支出,2.3.7
2020,3203340100,135328000,無細項,行政院主管,公務人力發展學院,一般行政,行政支出,2.4.1
2020,3203341000,109058000,無細項,行政院主管,公務人力發展學院,訓練輔導及研究,行政支出,2.4.2
2020,3203349000,0,交通及運輸設備,行政院主管,公務人力發展學院,一般建築及設備,行政支出,2.4.3.1
2020,3203349800,1200000,無細項,行政院主管,公務人力發展學院,第一預備金,行政支出,2.4.4
2020,5303400100,785295000,無細項,行政院主管,國立故宮博物院,一般行政,文化支出,2.5.1
2020,5303400200,126336000,無細項,行政院主管,國立故宮博物院,文物研究、展覽與推廣,文化支出,2.5.2
2020,5303400300,20801000,無細項,行政院主管,國立故宮博物院,文物徵集與管理,文化支出,2.5.3
2020,5303400400,49928000,無細項,行政院主管,國立故宮博物院,南院文物研究、展覽與推廣,文化支出,2.5.4
2020,5303400500,12176000,無細項,行政院主管,國立故宮博物院,南院文物徵集與管理,文化支出,2.5.5
2020,5303400600,135747000,無細項,行政院主管,國立故宮博物院,安全管理維護,文化支出,2.5.6
2020,5303400700,592498000,無細項,行政院主管,國立故宮博物院,新故宮計畫,文化支出,2.5.7
2020,5303409000,70000,交通及運輸設備,行政院主管,國立故宮博物院,一般建築及設備,文化支出,2.5.8.1
2020,5303409800,3600000,無細項,行政院主管,國立故宮博物院,第一預備金,文化支出,2.5.9
2020,5903410100,762107000,無細項,行政院主管,國家發展委員會,一般行政,其他經濟服務支出,2.6.1
2020,5903411000,23038000,無細項,行政院主管,國家發展委員會,規劃及推動國家發展計畫綜合業務,其他經濟服務支出,2.6.2
2020,5903411100,17733000,無細項,行政院主管,國家發展委員會,研擬經濟政策、協調推動財經措施,其他經濟服務支出,2.6.3
2020,5903411200,15264000,無細項,行政院主管,國家發展委員會,促進社會發展及計畫審議協調,其他經濟服務支出,2.6.4
2020,5903411300,395180000,無細項,行政院主管,國家發展委員會,促進產業發展,其他經濟服務支出,2.6.5
2020,5903411400,8410000,無細項,行政院主管,國家發展委員會,促進人力資源發展,其他經濟服務支出,2.6.6
2020,5903411500,19273000,無細項,行政院主管,國家發展委員會,健全國土規劃及經營管理,其他經濟服務支出,2.6.7
2020,5903411600,15866000,無細項,行政院主管,國家發展委員會,管制考核,其他經濟服務支出,2.6.8
2020,5903411700,211732000,無細項,行政院主管,國家發展委員會,健全資訊管理，提升應用效率,其他經濟服務支出,2.6.9
2020,5903411800,448577000,無細項,行政院主管,國家發展委員會,深化推動政府資通訊應用建設,其他經濟服務支出,2.6.10
2020,5903411900,5050000,無細項,行政院主管,國家發展委員會,推動法規鬆綁與革新、強化經貿競爭力,其他經濟服務支出,2.6.11
2020,5903412000,112543000,無細項,行政院主管,國家發展委員會,中興新村維運,其他經濟服務支出,2.6.12
2020,5903418100,1000000000,花東地區永續發展基金,行政院主管,國家發展委員會,非營業特種基金,其他經濟服務支出,2.6.13.1
2020,5903419000,41228000,營建工程,行政院主管,國家發展委員會,一般建築及設備,其他經濟服務支出,2.6.14.1
2020,5903419800,900000,無細項,行政院主管,國家發展委員會,第一預備金,其他經濟服務支出,2.6.15
2020,3203420100,188575000,無細項,行政院主管,檔案管理局,一般行政,行政支出,2.7.1
2020,3203421000,2906000,無細項,行政院主管,檔案管理局,檔案管理綜合企劃與管考,行政支出,2.7.2
2020,3203421100,676000,無細項,行政院主管,檔案管理局,檔案徵集作業,行政支出,2.7.3
2020,3203421200,1877000,無細項,行政院主管,檔案管理局,檔案典藏維護,行政支出,2.7.4
2020,3203421300,2365000,無細項,行政院主管,檔案管理局,檔案應用服務,行政支出,2.7.5
2020,3203421400,1809000,無細項,行政院主管,檔案管理局,檔案資訊作業,行政支出,2.7.6
2020,3203421600,86135000,無細項,行政院主管,檔案管理局,文書檔案數位變革計畫,行政支出,2.7.7
2020,3203421700,31290000,無細項,行政院主管,檔案管理局,深化國家記憶計畫,行政支出,2.7.8
2020,3203422000,38405000,無細項,行政院主管,檔案管理局,國家檔案典藏及服務建設計畫,行政支出,2.7.9
2020,3203429000,60466000,營建工程,行政院主管,檔案管理局,一般建築及設備,行政支出,2.7.10.1
2020,3203429800,77000,無細項,行政院主管,檔案管理局,第一預備金,行政支出,2.7.11
2020,3703610100,273150000,無細項,行政院主管,原住民族委員會,一般行政,民政支出,2.8.1
2020,3703610200,74118000,無細項,行政院主管,原住民族委員會,綜合規劃發展,民政支出,2.8.2
2020,3703610500,398459000,無細項,行政院主管,原住民族委員會,經濟發展業務,民政支出,2.8.3
2020,3703610600,103849000,無細項,行政院主管,原住民族委員會,土地規劃管理利用業務,民政支出,2.8.4
2020,3703610700,876253000,無細項,行政院主管,原住民族委員會,公共建設業務,民政支出,2.8.5
2020,3703610800,590000000,無細項,行政院主管,原住民族委員會,補助原住民鄉鎮市,民政支出,2.8.6
2020,3703610900,1050000000,無細項,行政院主管,原住民族委員會,促進原住民族經濟事業,民政支出,2.8.7
2020,3703619800,10000000,無細項,行政院主管,原住民族委員會,第一預備金,民政支出,2.8.8
2020,5103610300,1884449000,無細項,行政院主管,原住民族委員會,原住民教育推展,教育支出,2.8.9
2020,6303610400,2646737000,無細項,行政院主管,原住民族委員會,社會服務推展,福利服務支出,2.8.10
2020,6303610900,330577000,無細項,行政院主管,原住民族委員會,促進原住民就業,福利服務支出,2.8.11
2020,5303620100,49081000,無細項,行政院主管,原住民族文化發展中心,一般行政,文化支出,2.9.1
2020,5303620200,21432000,無細項,行政院主管,原住民族文化發展中心,藝術展演及文化推廣業務,文化支出,2.9.2
2020,5303620700,93380000,無細項,行政院主管,原住民族文化發展中心,公共建設及社會服務推展業務,文化支出,2.9.3
2020,5303629000,3582000,營建工程,行政院主管,原住民族文化發展中心,一般建築及設備,文化支出,2.9.4.1
2020,5303629800,500000,無細項,行政院主管,原住民族文化發展中心,第一預備金,文化支出,2.9.5
2020,5303640100,154799000,無細項,行政院主管,客家委員會及所屬,一般行政,文化支出,2.10.1
2020,5303641000,158792000,無細項,行政院主管,客家委員會及所屬,綜合規劃發展,文化支出,2.10.2
2020,5303642000,816198000,無細項,行政院主管,客家委員會及所屬,客家文化產業發展,文化支出,2.10.3
2020,5303643000,672457000,無細項,行政院主管,客家委員會及所屬,文化教育推展,文化支出,2.10.4
2020,5303644000,816546000,無細項,行政院主管,客家委員會及所屬,傳播行銷推展,文化支出,2.10.5
2020,5303645000,387976000,無細項,行政院主管,客家委員會及所屬,客家文化發展中心規劃與營運,文化支出,2.10.6
2020,5303649000,2160000,交通及運輸設備,行政院主管,客家委員會及所屬,一般建築及設備,文化支出,2.10.7.1
2020,5303649800,2000000,無細項,行政院主管,客家委員會及所屬,第一預備金,文化支出,2.10.8
2020,3703670100,94113000,無細項,行政院主管,中央選舉委員會及所屬,一般行政,民政支出,2.11.1
2020,3703671000,1141062000,無細項,行政院主管,中央選舉委員會及所屬,選舉業務,民政支出,2.11.2
2020,3703671100,327288000,無細項,行政院主管,中央選舉委員會及所屬,地方選舉委員會行政業務,民政支出,2.11.3
2020,3703679000,78000,交通及運輸設備,行政院主管,中央選舉委員會及所屬,一般建築及設備,民政支出,2.11.4.1
2020,3703679800,1100000,無細項,行政院主管,中央選舉委員會及所屬,第一預備金,民政支出,2.11.5
2020,5903820100,298783000,無細項,行政院主管,公平交易委員會,一般行政,其他經濟服務支出,2.12.1
2020,5903821000,5681000,限制競爭行為調查處理,行政院主管,公平交易委員會,公平交易業務,其他經濟服務支出,2.12.2.1
2020,5903829000,1179000,其他設備,行政院主管,公平交易委員會,一般建築及設備,其他經濟服務支出,2.12.3.1
2020,5903829800,500000,無細項,行政院主管,公平交易委員會,第一預備金,其他經濟服務支出,2.12.4
2020,5203851100,54538000,無細項,行政院主管,國家通訊傳播委員會,數位經濟匯流政策法制革新,科學支出,2.13.1
2020,5203851200,176077000,無細項,行政院主管,國家通訊傳播委員會,數位匯流物聯網資安防護,科學支出,2.13.2
2020,5203851300,0,無細項,行政院主管,國家通訊傳播委員會,新世代通訊技術與網路治理,科學支出,2.13.3
2020,5203851400,9000000,無細項,行政院主管,國家通訊傳播委員會,數位平權基礎建設,科學支出,2.13.4
2020,5203851500,195797000,無細項,行政院主管,國家通訊傳播委員會,第五代行動通信監理,科學支出,2.13.5
2020,5803850100,674738000,無細項,行政院主管,國家通訊傳播委員會,一般行政,交通支出,2.13.6
2020,5803859800,57000,無細項,行政院主管,國家通訊傳播委員會,第一預備金,交通支出,2.13.7
2020,3203900100,433174000,無細項,行政院主管,大陸委員會,一般行政,行政支出,2.14.1
2020,3203901000,28226000,無細項,行政院主管,大陸委員會,綜合規劃業務,行政支出,2.14.2
2020,3203901200,28603000,無細項,行政院主管,大陸委員會,經濟業務,行政支出,2.14.3
2020,3203901300,192860000,無細項,行政院主管,大陸委員會,法政業務,行政支出,2.14.4
2020,3203901400,171269000,無細項,行政院主管,大陸委員會,港澳蒙藏業務,行政支出,2.14.5
2020,3203901500,41212000,無細項,行政院主管,大陸委員會,聯絡業務,行政支出,2.14.6
2020,3203909000,0,交通及運輸設備,行政院主管,大陸委員會,一般建築及設備,行政支出,2.14.7.1
2020,3203909800,1620000,無細項,行政院主管,大陸委員會,第一預備金,行政支出,2.14.8
2020,5303901100,43075000,無細項,行政院主管,大陸委員會,文教業務,文化支出,2.14.9
2020,3203910100,135440000,無細項,行政院主管,國家運輸安全調查委員會,一般行政,行政支出,2.15.1
2020,3203910200,14104000,無細項,行政院主管,國家運輸安全調查委員會,運輸事故調查,行政支出,2.15.2
2020,3203910300,5369000,無細項,行政院主管,國家運輸安全調查委員會,運輸系統安全分析與工程鑑定,行政支出,2.15.3
2020,3203910400,40000000,無細項,行政院主管,國家運輸安全調查委員會,精進運輸事故調查技術與預防研究,行政支出,2.15.4
2020,3203919800,30000,無細項,行政院主管,國家運輸安全調查委員會,第一預備金,行政支出,2.15.5
2020,3203920100,37046000,無細項,行政院主管,促進轉型正義委員會,一般行政,行政支出,2.16.1
2020,3203920200,28124000,無細項,行政院主管,促進轉型正義委員會,促進轉型正義業務,行政支出,2.16.2
2020,3203929800,311000,無細項,行政院主管,促進轉型正義委員會,第一預備金,行政支出,2.16.3
2020,3203940100,38174000,無細項,行政院主管,不當黨產處理委員會,一般行政,行政支出,2.17.1
2020,3203940200,12099000,無細項,行政院主管,不當黨產處理委員會,黨產處理業務,行政支出,2.17.2
2020,3203949000,1590000,交通及運輸設備,行政院主管,不當黨產處理委員會,一般建築及設備,行政支出,2.17.3.1
2020,3203949800,400000,無細項,行政院主管,不當黨產處理委員會,第一預備金,行政支出,2.17.4
2020,3203950100,276230000,無細項,行政院主管,公共工程委員會,一般行政,行政支出,2.18.1
2020,3203951000,77266000,無細項,行政院主管,公共工程委員會,公共工程企劃及法規業務,行政支出,2.18.2
2020,3203952000,13466000,無細項,行政院主管,公共工程委員會,公共工程技術業務,行政支出,2.18.3
2020,3203953000,12424000,無細項,行政院主管,公共工程委員會,公共工程管理業務,行政支出,2.18.4
2020,3203959800,1208000,無細項,行政院主管,公共工程委員會,第一預備金,行政支出,2.18.5
2020,3304010100,1738560000,無細項,立法院主管,立法院,一般行政,立法支出,3.1.1
2020,3304010200,301668000,委員歲費及公費,立法院主管,立法院,委員問政業務,立法支出,3.1.2.1
2020,3304010300,11126000,無細項,立法院主管,立法院,議事業務,立法支出,3.1.3
2020,3304010400,2050000,無細項,立法院主管,立法院,立法諮詢業務,立法支出,3.1.4
2020,3304010500,52299000,無細項,立法院主管,立法院,國會圖書業務,立法支出,3.1.5
2020,3304010600,122668000,無細項,立法院主管,立法院,公報業務,立法支出,3.1.6
2020,3304010700,13560000,無細項,立法院主管,立法院,黨團補助,立法支出,3.1.7
2020,3304019000,23500000,營建工程,立法院主管,立法院,一般建築及設備,立法支出,3.1.8.1
2020,3304019800,3000000,無細項,立法院主管,立法院,第一預備金,立法支出,3.1.9
2020,3405010100,1370098000,無細項,司法院主管,司法院,一般行政,司法支出,4.1.1
2020,3405011000,5171000,無細項,司法院主管,司法院,大法官釋憲業務,司法支出,4.1.2
2020,3405011300,91212000,無細項,司法院主管,司法院,審判行政,司法支出,4.1.3
2020,3405011700,15990000,無細項,司法院主管,司法院,司法業務規劃研考,司法支出,4.1.4
2020,3405019000,6038000,交通及運輸設備,司法院主管,司法院,一般建築及設備,司法支出,4.1.5.1
2020,3405019800,3000000,無細項,司法院主管,司法院,第一預備金,司法支出,4.1.6
2020,6305011900,1356277000,無細項,司法院主管,司法院,對財團法人法律扶助基金會捐助,福利服務支出,4.1.7
2020,7605011900,345670000,無細項,司法院主管,司法院,司法官退休退養給付,退休撫卹給付支出,4.1.8
2020,3405050100,509377000,無細項,司法院主管,最高法院,一般行政,司法支出,4.2.1
2020,3405051000,8586000,無細項,司法院主管,最高法院,審判業務,司法支出,4.2.2
2020,3405059800,770000,無細項,司法院主管,最高法院,第一預備金,司法支出,4.2.3
2020,3405100100,145024000,無細項,司法院主管,最高行政法院,一般行政,司法支出,4.3.1
2020,3405101000,3203000,無細項,司法院主管,最高行政法院,行政訴訟審判,司法支出,4.3.2
2020,3405109800,238000,無細項,司法院主管,最高行政法院,第一預備金,司法支出,4.3.3
2020,3405110100,305992000,無細項,司法院主管,臺北高等行政法院,一般行政,司法支出,4.4.1
2020,3405111000,6206000,無細項,司法院主管,臺北高等行政法院,行政訴訟審判,司法支出,4.4.2
2020,3405119800,865000,無細項,司法院主管,臺北高等行政法院,第一預備金,司法支出,4.4.3
2020,3405120100,128830000,無細項,司法院主管,臺中高等行政法院,一般行政,司法支出,4.5.1
2020,3405121000,2936000,無細項,司法院主管,臺中高等行政法院,行政訴訟審判,司法支出,4.5.2
2020,3405129800,357000,無細項,司法院主管,臺中高等行政法院,第一預備金,司法支出,4.5.3
2020,3405130100,156300000,無細項,司法院主管,高雄高等行政法院,一般行政,司法支出,4.6.1
2020,3405131000,4862000,無細項,司法院主管,高雄高等行政法院,行政訴訟審判,司法支出,4.6.2
2020,3405139800,374000,無細項,司法院主管,高雄高等行政法院,第一預備金,司法支出,4.6.3
2020,3405200100,91682000,無細項,司法院主管,公務員懲戒委員會,一般行政,司法支出,4.7.1
2020,3405201000,2121000,無細項,司法院主管,公務員懲戒委員會,懲戒及職務案件處理,司法支出,4.7.2
2020,3405209800,231000,無細項,司法院主管,公務員懲戒委員會,第一預備金,司法支出,4.7.3
2020,3405250100,104724000,無細項,司法院主管,法官學院,一般行政,司法支出,4.8.1
2020,3405251000,65264000,無細項,司法院主管,法官學院,研習業務,司法支出,4.8.2
2020,3405259800,300000,無細項,司法院主管,法官學院,第一預備金,司法支出,4.8.3
2020,3405260100,213393000,無細項,司法院主管,智慧財產法院,一般行政,司法支出,4.9.1
2020,3405261000,7708000,無細項,司法院主管,智慧財產法院,審判業務,司法支出,4.9.2
2020,3405269800,200000,無細項,司法院主管,智慧財產法院,第一預備金,司法支出,4.9.3
2020,3405300100,1598757000,無細項,司法院主管,臺灣高等法院,一般行政,司法支出,4.10.1
2020,3405301000,62001000,無細項,司法院主管,臺灣高等法院,審判業務,司法支出,4.10.2
2020,3405301500,28110000,無細項,司法院主管,臺灣高等法院,刑事補償,司法支出,4.10.3
2020,3405308500,23495000,無細項,司法院主管,臺灣高等法院,司法機關擴遷建計畫,司法支出,4.10.4
2020,3405309000,4800000,交通及運輸設備,司法院主管,臺灣高等法院,一般建築及設備,司法支出,4.10.5.1
2020,3405309800,1511000,無細項,司法院主管,臺灣高等法院,第一預備金,司法支出,4.10.6
2020,3405310100,683066000,無細項,司法院主管,臺灣高等法院臺中分院,一般行政,司法支出,4.11.1
2020,3405311000,18534000,無細項,司法院主管,臺灣高等法院臺中分院,審判業務,司法支出,4.11.2
2020,3405319000,1711000,交通及運輸設備,司法院主管,臺灣高等法院臺中分院,一般建築及設備,司法支出,4.11.3.1
2020,3405319800,423000,無細項,司法院主管,臺灣高等法院臺中分院,第一預備金,司法支出,4.11.4
2020,3405320100,402517000,無細項,司法院主管,臺灣高等法院臺南分院,一般行政,司法支出,4.12.1
2020,3405321000,20977000,無細項,司法院主管,臺灣高等法院臺南分院,審判業務,司法支出,4.12.2
2020,3405329000,1270000,交通及運輸設備,司法院主管,臺灣高等法院臺南分院,一般建築及設備,司法支出,4.12.3.1
2020,3405329800,466000,無細項,司法院主管,臺灣高等法院臺南分院,第一預備金,司法支出,4.12.4
2020,3405330100,507047000,無細項,司法院主管,臺灣高等法院高雄分院,一般行政,司法支出,4.13.1
2020,3405331000,24412000,無細項,司法院主管,臺灣高等法院高雄分院,審判業務,司法支出,4.13.2
2020,3405339000,0,交通及運輸設備,司法院主管,臺灣高等法院高雄分院,一般建築及設備,司法支出,4.13.3.1
2020,3405339800,385000,無細項,司法院主管,臺灣高等法院高雄分院,第一預備金,司法支出,4.13.4
2020,3405340100,160441000,無細項,司法院主管,臺灣高等法院花蓮分院,一般行政,司法支出,4.14.1
2020,3405341000,7313000,無細項,司法院主管,臺灣高等法院花蓮分院,審判業務,司法支出,4.14.2
2020,3405349000,4500000,交通及運輸設備,司法院主管,臺灣高等法院花蓮分院,一般建築及設備,司法支出,4.14.3.1
2020,3405349800,127000,無細項,司法院主管,臺灣高等法院花蓮分院,第一預備金,司法支出,4.14.4
2020,3405410100,1592245000,無細項,司法院主管,臺灣臺北地方法院,一般行政,司法支出,4.15.1
2020,3405411000,181451000,無細項,司法院主管,臺灣臺北地方法院,審判業務,司法支出,4.15.2
2020,3405418500,94069000,無細項,司法院主管,臺灣臺北地方法院,司法機關擴遷建計畫,司法支出,4.15.3
2020,3405419000,4135000,交通及運輸設備,司法院主管,臺灣臺北地方法院,一般建築及設備,司法支出,4.15.4.1
2020,3405419800,1223000,無細項,司法院主管,臺灣臺北地方法院,第一預備金,司法支出,4.15.5
2020,3405420100,694396000,無細項,司法院主管,臺灣士林地方法院,一般行政,司法支出,4.16.1
2020,3405421000,105926000,無細項,司法院主管,臺灣士林地方法院,審判業務,司法支出,4.16.2
2020,3405429000,3500000,交通及運輸設備,司法院主管,臺灣士林地方法院,一般建築及設備,司法支出,4.16.3.1
2020,3405429800,390000,無細項,司法院主管,臺灣士林地方法院,第一預備金,司法支出,4.16.4
2020,3405430100,1263694000,無細項,司法院主管,臺灣新北地方法院,一般行政,司法支出,4.17.1
2020,3405431000,144163000,無細項,司法院主管,臺灣新北地方法院,審判業務,司法支出,4.17.2
2020,3405439000,7693000,交通及運輸設備,司法院主管,臺灣新北地方法院,一般建築及設備,司法支出,4.17.3.1
2020,3405439800,561000,無細項,司法院主管,臺灣新北地方法院,第一預備金,司法支出,4.17.4
2020,3405470100,1004367000,無細項,司法院主管,臺灣桃園地方法院,一般行政,司法支出,4.18.1
2020,3405471000,136695000,無細項,司法院主管,臺灣桃園地方法院,審判業務,司法支出,4.18.2
2020,3405478500,361000000,無細項,司法院主管,臺灣桃園地方法院,司法機關擴遷建計畫,司法支出,4.18.3
2020,3405479000,2185000,交通及運輸設備,司法院主管,臺灣桃園地方法院,一般建築及設備,司法支出,4.18.4.1
2020,3405479800,340000,無細項,司法院主管,臺灣桃園地方法院,第一預備金,司法支出,4.18.5
2020,3405480100,494763000,無細項,司法院主管,臺灣新竹地方法院,一般行政,司法支出,4.19.1
2020,3405481000,57943000,無細項,司法院主管,臺灣新竹地方法院,審判業務,司法支出,4.19.2
2020,3405489000,0,交通及運輸設備,司法院主管,臺灣新竹地方法院,一般建築及設備,司法支出,4.19.3.1
2020,3405489800,335000,無細項,司法院主管,臺灣新竹地方法院,第一預備金,司法支出,4.19.4
2020,3405490100,308079000,無細項,司法院主管,臺灣苗栗地方法院,一般行政,司法支出,4.20.1
2020,3405491000,37284000,無細項,司法院主管,臺灣苗栗地方法院,審判業務,司法支出,4.20.2
2020,3405499000,0,交通及運輸設備,司法院主管,臺灣苗栗地方法院,一般建築及設備,司法支出,4.20.3.1
2020,3405499800,527000,無細項,司法院主管,臺灣苗栗地方法院,第一預備金,司法支出,4.20.4
2020,3405500100,1341222000,無細項,司法院主管,臺灣臺中地方法院,一般行政,司法支出,4.21.1
2020,3405501000,158189000,無細項,司法院主管,臺灣臺中地方法院,審判業務,司法支出,4.21.2
2020,3405509000,3694000,交通及運輸設備,司法院主管,臺灣臺中地方法院,一般建築及設備,司法支出,4.21.3.1
2020,3405509800,708000,無細項,司法院主管,臺灣臺中地方法院,第一預備金,司法支出,4.21.4
2020,3405510100,297361000,無細項,司法院主管,臺灣南投地方法院,一般行政,司法支出,4.22.1
2020,3405511000,35936000,無細項,司法院主管,臺灣南投地方法院,審判業務,司法支出,4.22.2
2020,3405519000,1370000,交通及運輸設備,司法院主管,臺灣南投地方法院,一般建築及設備,司法支出,4.22.3.1
2020,3405519800,513000,無細項,司法院主管,臺灣南投地方法院,第一預備金,司法支出,4.22.4
2020,3405520100,607251000,無細項,司法院主管,臺灣彰化地方法院,一般行政,司法支出,4.23.1
2020,3405521000,61052000,無細項,司法院主管,臺灣彰化地方法院,審判業務,司法支出,4.23.2
2020,3405529000,0,交通及運輸設備,司法院主管,臺灣彰化地方法院,一般建築及設備,司法支出,4.23.3.1
2020,3405529800,283000,無細項,司法院主管,臺灣彰化地方法院,第一預備金,司法支出,4.23.4
2020,3405530100,395965000,無細項,司法院主管,臺灣雲林地方法院,一般行政,司法支出,4.24.1
2020,3405531000,45841000,無細項,司法院主管,臺灣雲林地方法院,審判業務,司法支出,4.24.2
2020,3405539000,1270000,交通及運輸設備,司法院主管,臺灣雲林地方法院,一般建築及設備,司法支出,4.24.3.1
2020,3405539800,263000,無細項,司法院主管,臺灣雲林地方法院,第一預備金,司法支出,4.24.4
2020,3405540100,479492000,無細項,司法院主管,臺灣嘉義地方法院,一般行政,司法支出,4.25.1
2020,3405541000,52511000,無細項,司法院主管,臺灣嘉義地方法院,審判業務,司法支出,4.25.2
2020,3405549000,1171000,交通及運輸設備,司法院主管,臺灣嘉義地方法院,一般建築及設備,司法支出,4.25.3.1
2020,3405549800,258000,無細項,司法院主管,臺灣嘉義地方法院,第一預備金,司法支出,4.25.4
2020,3405560100,912115000,無細項,司法院主管,臺灣臺南地方法院,一般行政,司法支出,4.26.1
2020,3405561000,129423000,無細項,司法院主管,臺灣臺南地方法院,審判業務,司法支出,4.26.2
2020,3405569000,0,交通及運輸設備,司法院主管,臺灣臺南地方法院,一般建築及設備,司法支出,4.26.3.1
2020,3405569800,456000,無細項,司法院主管,臺灣臺南地方法院,第一預備金,司法支出,4.26.4
2020,3405570100,493196000,無細項,司法院主管,臺灣橋頭地方法院,一般行政,司法支出,4.27.1
2020,3405571000,62788000,無細項,司法院主管,臺灣橋頭地方法院,審判業務,司法支出,4.27.2
2020,3405579000,2276000,交通及運輸設備,司法院主管,臺灣橋頭地方法院,一般建築及設備,司法支出,4.27.3.1
2020,3405579800,263000,無細項,司法院主管,臺灣橋頭地方法院,第一預備金,司法支出,4.27.4
2020,3405580100,910304000,無細項,司法院主管,臺灣高雄地方法院,一般行政,司法支出,4.28.1
2020,3405581000,114883000,無細項,司法院主管,臺灣高雄地方法院,審判業務,司法支出,4.28.2
2020,3405589000,1705000,交通及運輸設備,司法院主管,臺灣高雄地方法院,一般建築及設備,司法支出,4.28.3.1
2020,3405589800,528000,無細項,司法院主管,臺灣高雄地方法院,第一預備金,司法支出,4.28.4
2020,3405590100,498359000,無細項,司法院主管,臺灣屏東地方法院,一般行政,司法支出,4.29.1
2020,3405591000,53813000,無細項,司法院主管,臺灣屏東地方法院,審判業務,司法支出,4.29.2
2020,3405599000,0,交通及運輸設備,司法院主管,臺灣屏東地方法院,一般建築及設備,司法支出,4.29.3.1
2020,3405599800,280000,無細項,司法院主管,臺灣屏東地方法院,第一預備金,司法支出,4.29.4
2020,3405600100,227120000,無細項,司法院主管,臺灣臺東地方法院,一般行政,司法支出,4.30.1
2020,3405601000,22933000,無細項,司法院主管,臺灣臺東地方法院,審判業務,司法支出,4.30.2
2020,3405609800,133000,無細項,司法院主管,臺灣臺東地方法院,第一預備金,司法支出,4.30.3
2020,3405610100,276381000,無細項,司法院主管,臺灣花蓮地方法院,一般行政,司法支出,4.31.1
2020,3405611000,34849000,無細項,司法院主管,臺灣花蓮地方法院,審判業務,司法支出,4.31.2
2020,3405619000,1760000,交通及運輸設備,司法院主管,臺灣花蓮地方法院,一般建築及設備,司法支出,4.31.3.1
2020,3405619800,162000,無細項,司法院主管,臺灣花蓮地方法院,第一預備金,司法支出,4.31.4
2020,3405620100,283021000,無細項,司法院主管,臺灣宜蘭地方法院,一般行政,司法支出,4.32.1
2020,3405621000,32899000,無細項,司法院主管,臺灣宜蘭地方法院,審判業務,司法支出,4.32.2
2020,3405629000,4205000,交通及運輸設備,司法院主管,臺灣宜蘭地方法院,一般建築及設備,司法支出,4.32.3.1
2020,3405629800,153000,無細項,司法院主管,臺灣宜蘭地方法院,第一預備金,司法支出,4.32.4
2020,3405630100,327973000,無細項,司法院主管,臺灣基隆地方法院,一般行政,司法支出,4.33.1
2020,3405631000,33208000,無細項,司法院主管,臺灣基隆地方法院,審判業務,司法支出,4.33.2
2020,3405639000,635000,交通及運輸設備,司法院主管,臺灣基隆地方法院,一般建築及設備,司法支出,4.33.3.1
2020,3405639800,196000,無細項,司法院主管,臺灣基隆地方法院,第一預備金,司法支出,4.33.4
2020,3405640100,114480000,無細項,司法院主管,臺灣澎湖地方法院,一般行政,司法支出,4.34.1
2020,3405641000,6415000,無細項,司法院主管,臺灣澎湖地方法院,審判業務,司法支出,4.34.2
2020,3405649000,0,交通及運輸設備,司法院主管,臺灣澎湖地方法院,一般建築及設備,司法支出,4.34.3.1
2020,3405649800,89000,無細項,司法院主管,臺灣澎湖地方法院,第一預備金,司法支出,4.34.4
2020,3405800100,258808000,無細項,司法院主管,臺灣高雄少年及家事法院,一般行政,司法支出,4.35.1
2020,3405801000,28923000,無細項,司法院主管,臺灣高雄少年及家事法院,審判業務,司法支出,4.35.2
2020,3405809800,966000,無細項,司法院主管,臺灣高雄少年及家事法院,第一預備金,司法支出,4.35.3
2020,3405900100,31734000,無細項,司法院主管,福建高等法院金門分院,一般行政,司法支出,4.36.1
2020,3405901000,1138000,無細項,司法院主管,福建高等法院金門分院,審判業務,司法支出,4.36.2
2020,3405909800,28000,無細項,司法院主管,福建高等法院金門分院,第一預備金,司法支出,4.36.3
2020,3405910100,87910000,無細項,司法院主管,福建金門地方法院,一般行政,司法支出,4.37.1
2020,3405911000,5569000,無細項,司法院主管,福建金門地方法院,審判業務,司法支出,4.37.2
2020,3405919000,547000,交通及運輸設備,司法院主管,福建金門地方法院,一般建築及設備,司法支出,4.37.3.1
2020,3405919800,67000,無細項,司法院主管,福建金門地方法院,第一預備金,司法支出,4.37.4
2020,3405930100,27682000,無細項,司法院主管,福建連江地方法院,一般行政,司法支出,4.38.1
2020,3405931000,1403000,無細項,司法院主管,福建連江地方法院,審判業務,司法支出,4.38.2
2020,3405939800,28000,無細項,司法院主管,福建連江地方法院,第一預備金,司法支出,4.38.3
2020,3506010100,348071000,無細項,考試院主管,考試院,一般行政,考試支出,5.1.1
2020,3506011200,2047000,無細項,考試院主管,考試院,議事業務,考試支出,5.1.2
2020,3506011300,954000,無細項,考試院主管,考試院,法制業務,考試支出,5.1.3
2020,3506011400,10921000,無細項,考試院主管,考試院,施政業務及督導,考試支出,5.1.4
2020,3506019000,5340000,交通及運輸設備,考試院主管,考試院,一般建築及設備,考試支出,5.1.5.1
2020,3506019800,1050000,無細項,考試院主管,考試院,第一預備金,考試支出,5.1.6
2020,3506100100,347528000,無細項,考試院主管,考選部,一般行政,考試支出,5.2.1
2020,3506101400,8082000,試題研編及審查,考試院主管,考選部,考試業務研究改進,考試支出,5.2.2.1
2020,3506109000,0,交通及運輸設備,考試院主管,考選部,一般建築及設備,考試支出,5.2.3.1
2020,3506109800,784000,無細項,考試院主管,考選部,第一預備金,考試支出,5.2.4
2020,3506200100,412966000,無細項,考試院主管,銓敘部,一般行政,考試支出,5.3.1
2020,3506200200,6763000,無細項,考試院主管,銓敘部,人事法制及銓敘,考試支出,5.3.2
2020,3506209000,59212000,營建工程,考試院主管,銓敘部,一般建築及設備,考試支出,5.3.3.1
2020,3506209800,732000,無細項,考試院主管,銓敘部,第一預備金,考試支出,5.3.4
2020,6106200300,246390000,無細項,考試院主管,銓敘部,公務人員保險管理及監理,社會保險支出,5.3.5
2020,6306205800,10124000,無細項,考試院主管,銓敘部,早期退休公教人員生活困難照護金,福利服務支出,5.3.6
2020,7606205300,23636237000,無細項,考試院主管,銓敘部,公務人員退休撫卹給付,退休撫卹給付支出,5.3.7
2020,7706200600,2448000,公務人員退休撫卹管理,考試院主管,銓敘部,退休撫卹業務,退休撫卹業務支出,5.3.8.1
2020,3506300100,158901000,無細項,考試院主管,公務人員保障暨培訓委員會,一般行政,考試支出,5.4.1
2020,3506301100,1566000,保障業務,考試院主管,公務人員保障暨培訓委員會,保障暨培訓,考試支出,5.4.2.1
2020,3506309000,0,交通及運輸設備,考試院主管,公務人員保障暨培訓委員會,一般建築及設備,考試支出,5.4.3.1
2020,3506309800,1000000,無細項,考試院主管,公務人員保障暨培訓委員會,第一預備金,考試支出,5.4.4
2020,3506400100,103078000,無細項,考試院主管,國家文官學院及所屬,一般行政,考試支出,5.5.1
2020,3506401100,113989000,無細項,考試院主管,國家文官學院及所屬,國家文官培訓業務,考試支出,5.5.2
2020,3506401200,57896000,無細項,考試院主管,國家文官學院及所屬,中區公務人員培訓,考試支出,5.5.3
2020,3506409800,380000,無細項,考試院主管,國家文官學院及所屬,第一預備金,考試支出,5.5.4
2020,7706500100,40352000,無細項,考試院主管,公務人員退休撫卹基金監理委員會,一般行政,退休撫卹業務支出,5.6.1
2020,7706502100,3831000,無細項,考試院主管,公務人員退休撫卹基金監理委員會,退撫基金監理,退休撫卹業務支出,5.6.2
2020,7706509800,100000,無細項,考試院主管,公務人員退休撫卹基金監理委員會,第一預備金,退休撫卹業務支出,5.6.3
2020,7706600100,126286000,無細項,考試院主管,公務人員退休撫卹基金管理委員會,一般行政,退休撫卹業務支出,5.7.1
2020,7706600600,46859000,無細項,考試院主管,公務人員退休撫卹基金管理委員會,退撫基金管理,退休撫卹業務支出,5.7.2
2020,7706609000,0,交通及運輸設備,考試院主管,公務人員退休撫卹基金管理委員會,一般建築及設備,退休撫卹業務支出,5.7.3.1
2020,7706609800,300000,無細項,考試院主管,公務人員退休撫卹基金管理委員會,第一預備金,退休撫卹業務支出,5.7.4
2020,3607010100,722344000,無細項,監察院主管,監察院,一般行政,監察支出,6.1.1
2020,3607010300,9135000,無細項,監察院主管,監察院,議事業務,監察支出,6.1.2
2020,3607010900,19875000,無細項,監察院主管,監察院,調查巡察業務,監察支出,6.1.3
2020,3607011200,6684000,無細項,監察院主管,監察院,財產申報業務,監察支出,6.1.4
2020,3607019000,16325000,營建工程,監察院主管,監察院,一般建築及設備,監察支出,6.1.5.1
2020,3607019800,922000,無細項,監察院主管,監察院,第一預備金,監察支出,6.1.6
2020,3607100100,953452000,無細項,監察院主管,審計部,一般行政,監察支出,6.2.1
2020,3607101000,32928000,無細項,監察院主管,審計部,中央政府審計,監察支出,6.2.2
2020,3607102000,9666000,無細項,監察院主管,審計部,縣市地方審計,監察支出,6.2.3
2020,3607109000,13325000,營建工程,監察院主管,審計部,一般建築及設備,監察支出,6.2.4.1
2020,3607109800,3375000,無細項,監察院主管,審計部,第一預備金,監察支出,6.2.5
2020,3607600100,67444000,無細項,監察院主管,審計部臺北市審計處,一般行政,監察支出,6.3.1
2020,3607601000,1752000,無細項,監察院主管,審計部臺北市審計處,審計業務,監察支出,6.3.2
2020,3607609800,80000,無細項,監察院主管,審計部臺北市審計處,第一預備金,監察支出,6.3.3
2020,3607620100,58466000,無細項,監察院主管,審計部新北市審計處,一般行政,監察支出,6.4.1
2020,3607621000,1800000,無細項,監察院主管,審計部新北市審計處,審計業務,監察支出,6.4.2
2020,3607629800,80000,無細項,監察院主管,審計部新北市審計處,第一預備金,監察支出,6.4.3
2020,3607630100,47460000,無細項,監察院主管,審計部桃園市審計處,一般行政,監察支出,6.5.1
2020,3607631000,940000,無細項,監察院主管,審計部桃園市審計處,審計業務,監察支出,6.5.2
2020,3607639800,80000,無細項,監察院主管,審計部桃園市審計處,第一預備金,監察支出,6.5.3
2020,3607640100,77491000,無細項,監察院主管,審計部臺中市審計處,一般行政,監察支出,6.6.1
2020,3607641000,1452000,無細項,監察院主管,審計部臺中市審計處,審計業務,監察支出,6.6.2
2020,3607649800,80000,無細項,監察院主管,審計部臺中市審計處,第一預備金,監察支出,6.6.3
2020,3607660100,58366000,無細項,監察院主管,審計部臺南市審計處,一般行政,監察支出,6.7.1
2020,3607661000,1606000,無細項,監察院主管,審計部臺南市審計處,審計業務,監察支出,6.7.2
2020,3607669800,80000,無細項,監察院主管,審計部臺南市審計處,第一預備金,監察支出,6.7.3
2020,3607700100,71243000,無細項,監察院主管,審計部高雄市審計處,一般行政,監察支出,6.8.1
2020,3607701000,1538000,無細項,監察院主管,審計部高雄市審計處,審計業務,監察支出,6.8.2
2020,3607709800,80000,無細項,監察院主管,審計部高雄市審計處,第一預備金,監察支出,6.8.3
2020,3708010100,1414482000,無細項,內政部主管,內政部,一般行政,民政支出,7.1.1
2020,3708011000,894184000,無細項,內政部主管,內政部,民政業務,民政支出,7.1.2
2020,3708011500,579314000,無細項,內政部主管,內政部,戶政業務,民政支出,7.1.3
2020,3708012500,336819000,測量及方域,內政部主管,內政部,地政業務,民政支出,7.1.4.1
2020,3708012700,474094000,無細項,內政部主管,內政部,土地測量,民政支出,7.1.5
2020,3708012800,12433000,無細項,內政部主管,內政部,土地開發,民政支出,7.1.6
2020,3708013000,347406000,無細項,內政部主管,內政部,內政資訊業務,民政支出,7.1.7
2020,3708019800,25000000,無細項,內政部主管,內政部,第一預備金,民政支出,7.1.8
2020,6308013500,39641000,無細項,內政部主管,內政部,社會行政業務,福利服務支出,7.1.9
2020,5608112000,179349000,無細項,內政部主管,營建署及所屬,公園規劃業務,農業支出,7.2.1
2020,5608113000,222078000,墾丁國家公園經營管理,內政部主管,營建署及所屬,國家公園經營管理,農業支出,7.2.2.1
2020,5608118100,97393000,國土永續發展基金,內政部主管,營建署及所屬,非營業特種基金,農業支出,7.2.3.1
2020,5708110100,1605156000,無細項,內政部主管,營建署及所屬,一般行政,工業支出,7.2.4
2020,5708111000,191265000,無細項,內政部主管,營建署及所屬,營建業務,工業支出,7.2.5
2020,5708112100,122074000,無細項,內政部主管,營建署及所屬,區域及都市規劃業務,工業支出,7.2.6
2020,5708119000,0,營建工程,內政部主管,營建署及所屬,一般建築及設備,工業支出,7.2.7.1
2020,5708119800,3017000,無細項,內政部主管,營建署及所屬,第一預備金,工業支出,7.2.8
2020,5808115500,6003301000,無細項,內政部主管,營建署及所屬,道路建設及養護,交通支出,7.2.9
2020,7108114000,16022666000,無細項,內政部主管,營建署及所屬,下水道管理業務,環境保護支出,7.2.10
2020,3808210100,16880030000,無細項,內政部主管,警政署及所屬,一般行政,警政支出,7.3.1
2020,3808211000,967949000,無細項,內政部主管,警政署及所屬,警政業務,警政支出,7.3.2
2020,3808211200,310138000,無細項,內政部主管,警政署及所屬,警務管理,警政支出,7.3.3
2020,3808211300,503333000,無細項,內政部主管,警政署及所屬,保安警察業務,警政支出,7.3.4
2020,3808211400,270499000,無細項,內政部主管,警政署及所屬,國道警察業務,警政支出,7.3.5
2020,3808211500,843913000,無細項,內政部主管,警政署及所屬,刑事警察業務,警政支出,7.3.6
2020,3808211600,975256000,無細項,內政部主管,警政署及所屬,初級警察教育,警政支出,7.3.7
2020,3808219000,1221000,營建工程,內政部主管,警政署及所屬,一般建築及設備,警政支出,7.3.8.1
2020,3808219800,47000000,無細項,內政部主管,警政署及所屬,第一預備金,警政支出,7.3.9
2020,3808410100,594621000,無細項,內政部主管,中央警察大學,一般行政,警政支出,7.4.1
2020,3808410200,617607000,無細項,內政部主管,中央警察大學,高級警察教育,警政支出,7.4.2
2020,3808419000,0,營建工程,內政部主管,中央警察大學,一般建築及設備,警政支出,7.4.3.1
2020,3808419800,1459000,無細項,內政部主管,中央警察大學,第一預備金,警政支出,7.4.4
2020,3708510100,787479000,無細項,內政部主管,消防署及所屬,一般行政,民政支出,7.5.1
2020,3708511000,612610000,無細項,內政部主管,消防署及所屬,消防救災業務,民政支出,7.5.2
2020,3708512000,2450000,無細項,內政部主管,消防署及所屬,港務消防業務,民政支出,7.5.3
2020,3708519800,1620000,無細項,內政部主管,消防署及所屬,第一預備金,民政支出,7.5.4
2020,3708550100,186325000,無細項,內政部主管,役政署,一般行政,民政支出,7.6.1
2020,3708551000,1807638000,無細項,內政部主管,役政署,役政業務,民政支出,7.6.2
2020,3708559800,2000000,無細項,內政部主管,役政署,第一預備金,民政支出,7.6.3
2020,3708580100,3271790000,無細項,內政部主管,移民署,一般行政,民政支出,7.7.1
2020,3708581100,1184913000,無細項,內政部主管,移民署,入出國及移民管理業務,民政支出,7.7.2
2020,3708589000,16220000,交通及運輸設備,內政部主管,移民署,一般建築及設備,民政支出,7.7.3.1
2020,3708589800,2000000,無細項,內政部主管,移民署,第一預備金,民政支出,7.7.4
2020,5208610100,90625000,無細項,內政部主管,建築研究所,一般行政,科學支出,7.8.1
2020,5208615500,316805000,無細項,內政部主管,建築研究所,建築研究業務,科學支出,7.8.2
2020,5208619800,180000,無細項,內政部主管,建築研究所,第一預備金,科學支出,7.8.3
2020,3708650100,412768000,無細項,內政部主管,空中勤務總隊,一般行政,民政支出,7.9.1
2020,3708651000,2371540000,無細項,內政部主管,空中勤務總隊,空中勤務業務,民政支出,7.9.2
2020,3708659800,1000000,無細項,內政部主管,空中勤務總隊,第一預備金,民政支出,7.9.3
2020,3911010100,8042366000,無細項,外交部主管,外交部,一般行政,外交支出,8.1.1
2020,3911011000,241891000,無細項,外交部主管,外交部,外交管理業務,外交支出,8.1.2
2020,3911011300,3090294000,無細項,外交部主管,外交部,駐外機構業務,外交支出,8.1.3
2020,3911011400,1816809000,無細項,外交部主管,外交部,國際會議及交流,外交支出,8.1.4
2020,3911011500,11694459000,無細項,外交部主管,外交部,國際合作及關懷,外交支出,8.1.5
2020,3911019000,284421000,營建工程,外交部主管,外交部,一般建築及設備,外交支出,8.1.6.1
2020,3911019800,70000000,無細項,外交部主管,外交部,第一預備金,外交支出,8.1.7
2020,391101A000,1545857000,無細項,外交部主管,外交部,外交支出機密預算,外交支出,8.1.8
2020,3911100100,254593000,無細項,外交部主管,領事事務局,一般行政,外交支出,8.2.1
2020,3911101000,1040051000,無細項,外交部主管,領事事務局,領事事務管理,外交支出,8.2.2
2020,3911109000,1550000,其他設備,外交部主管,領事事務局,一般建築及設備,外交支出,8.2.3.1
2020,3911109800,1500000,無細項,外交部主管,領事事務局,第一預備金,外交支出,8.2.4
2020,3911200100,67393000,無細項,外交部主管,外交及國際事務學院,一般行政,外交支出,8.3.1
2020,3911201000,16135000,外交領事人員訓練,外交部主管,外交及國際事務學院,外交領事人員講習,外交支出,8.3.2.1
2020,3911209800,125000,無細項,外交部主管,外交及國際事務學院,第一預備金,外交支出,8.3.3
2020,4614010100,711388000,無細項,國防部主管,國防部,一般行政,國防支出,9.1.1
2020,4614011000,316190000,無細項,國防部主管,國防部,國防政策規劃與督導,國防支出,9.1.2
2020,4614019800,95000,無細項,國防部主管,國防部,第一預備金,國防支出,9.1.3
2020,4614020100,4155362000,無細項,國防部主管,國防部所屬,軍事行政,國防支出,9.2.1
2020,4614020200,854006000,無細項,國防部主管,國防部所屬,情報行政,國防支出,9.2.2
2020,4614021200,7544326000,無細項,國防部主管,國防部所屬,教育訓練業務,國防支出,9.2.3
2020,4614021400,74108078000,無細項,國防部主管,國防部所屬,後勤及通資業務,國防支出,9.2.4
2020,4614021500,66275810000,無細項,國防部主管,國防部所屬,一般裝備,國防支出,9.2.5
2020,4614021900,163446706000,無細項,國防部主管,國防部所屬,軍事人員,國防支出,9.2.6
2020,4614028100,5213723000,國軍營舍及設施改建基金,國防部主管,國防部所屬,非營業特種基金,國防支出,9.2.7.1
2020,4614029000,400000000,土地購置,國防部主管,國防部所屬,一般建築及設備,國防支出,9.2.8.1
2020,4614029800,800000000,無細項,國防部主管,國防部所屬,第一預備金,國防支出,9.2.9
2020,461402B000,13228632000,無細項,國防部主管,國防部所屬,國防支出(機密計畫),國防支出,9.2.10
2020,5214021800,373510000,無細項,國防部主管,國防部所屬,一般科學研究,科學支出,9.2.11
2020,521402C000,10409850000,無細項,國防部主管,國防部所屬,科學支出(機密計畫),科學支出,9.2.12
2020,7114022300,1280387000,無細項,國防部主管,國防部所屬,環保業務,環境保護支出,9.2.13
2020,7614022100,1270000000,無細項,國防部主管,國防部所屬,退休撫卹,退休撫卹給付支出,9.2.14
2020,8914022200,1201350000,無細項,國防部主管,國防部所屬,軍眷維持,其他支出,9.2.15
2020,4017010100,426258000,無細項,財政部主管,財政部,一般行政,財務支出,10.1.1
2020,4017010200,40008000,無細項,財政部主管,財政部,財政人員訓練,財務支出,10.1.2
2020,4017010300,47550000,無細項,財政部主管,財政部,促參業務,財務支出,10.1.3
2020,4017019000,0,交通及運輸設備,財政部主管,財政部,一般建築及設備,財務支出,10.1.4.1
2020,4017019800,3720000,無細項,財政部主管,財政部,第一預備金,財務支出,10.1.5
2020,5917016000,95246000,無細項,財政部主管,財政部,捐助支出,其他經濟服務支出,10.1.6
2020,5917016100,8577393000,無細項,財政部主管,財政部,填補行政院公營事業民營化基金,其他經濟服務支出,10.1.7
2020,5917018000,626411000,中國輸出入銀行,財政部主管,財政部,營業基金,其他經濟服務支出,10.1.8.1
2020,5917018200,156402000,亞洲開發銀行股本,財政部主管,財政部,投資支出,其他經濟服務支出,10.1.9.1
2020,6117015500,6867618000,無細項,財政部主管,財政部,對公教人員保險養老給付補助,社會保險支出,10.1.10
2020,4017100100,318583000,無細項,財政部主管,國庫署,一般行政,財務支出,10.2.1
2020,4017101000,388905000,無細項,財政部主管,國庫署,國庫業務,財務支出,10.2.2
2020,4017109000,1590000,交通及運輸設備,財政部主管,國庫署,一般建築及設備,財務支出,10.2.3.1
2020,4017109800,756000,無細項,財政部主管,國庫署,第一預備金,財務支出,10.2.4
2020,8117104500,109240719000,無細項,財政部主管,國庫署,國債付息,債務付息支出,10.2.5
2020,8217104600,407650000,無細項,財政部主管,國庫署,國債經理,還本付息事務支出,10.2.6
2020,8617102000,9040400000,無細項,財政部主管,國庫署,地方政府統籌分配稅款短少補助,專案補助支出,10.2.7
2020,4017200100,385091000,無細項,財政部主管,賦稅署,一般行政,財務支出,10.3.1
2020,4017201000,25325000,無細項,財政部主管,賦稅署,賦稅業務,財務支出,10.3.2
2020,4017205000,11836860000,無細項,財政部主管,賦稅署,統一發票給獎及推行,財務支出,10.3.3
2020,4017209000,6212000,營建工程,財政部主管,賦稅署,一般建築及設備,財務支出,10.3.4.1
2020,4017209800,100000,無細項,財政部主管,賦稅署,第一預備金,財務支出,10.3.5
2020,8617202000,1998246000,無細項,財政部主管,賦稅署,地方政府稅款短少補助,專案補助支出,10.3.6
2020,4017250100,2178832000,無細項,財政部主管,臺北國稅局,一般行政,財務支出,10.4.1
2020,4017250200,279177000,無細項,財政部主管,臺北國稅局,國稅稽徵業務,財務支出,10.4.2
2020,4017259000,52515000,營建工程,財政部主管,臺北國稅局,一般建築及設備,財務支出,10.4.3.1
2020,4017259800,400000,無細項,財政部主管,臺北國稅局,第一預備金,財務支出,10.4.4
2020,4017270100,1466242000,無細項,財政部主管,高雄國稅局,一般行政,財務支出,10.5.1
2020,4017270200,158867000,無細項,財政部主管,高雄國稅局,國稅稽徵業務,財務支出,10.5.2
2020,4017279000,87625000,營建工程,財政部主管,高雄國稅局,一般建築及設備,財務支出,10.5.3.1
2020,4017279800,200000,無細項,財政部主管,高雄國稅局,第一預備金,財務支出,10.5.4
2020,4017290100,2325180000,無細項,財政部主管,北區國稅局及所屬,一般行政,財務支出,10.6.1
2020,4017290200,397744000,無細項,財政部主管,北區國稅局及所屬,國稅稽徵業務,財務支出,10.6.2
2020,4017299000,2633000,營建工程,財政部主管,北區國稅局及所屬,一般建築及設備,財務支出,10.6.3.1
2020,4017299800,400000,無細項,財政部主管,北區國稅局及所屬,第一預備金,財務支出,10.6.4
2020,4017310100,2018404000,無細項,財政部主管,中區國稅局及所屬,一般行政,財務支出,10.7.1
2020,4017310200,258685000,無細項,財政部主管,中區國稅局及所屬,國稅稽徵業務,財務支出,10.7.2
2020,4017319000,26883000,營建工程,財政部主管,中區國稅局及所屬,一般建築及設備,財務支出,10.7.3.1
2020,4017319800,500000,無細項,財政部主管,中區國稅局及所屬,第一預備金,財務支出,10.7.4
2020,4017330100,1566573000,無細項,財政部主管,南區國稅局及所屬,一般行政,財務支出,10.8.1
2020,4017330200,179147000,無細項,財政部主管,南區國稅局及所屬,國稅稽徵業務,財務支出,10.8.2
2020,4017339000,0,交通及運輸設備,財政部主管,南區國稅局及所屬,一般建築及設備,財務支出,10.8.3.1
2020,4017339800,500000,無細項,財政部主管,南區國稅局及所屬,第一預備金,財務支出,10.8.4
2020,4017350100,5032922000,無細項,財政部主管,關務署及所屬,一般行政,財務支出,10.9.1
2020,4017350200,850971000,無細項,財政部主管,關務署及所屬,關稅業務,財務支出,10.9.2
2020,4017359800,2850000,無細項,財政部主管,關務署及所屬,第一預備金,財務支出,10.9.3
2020,4017400100,860755000,無細項,財政部主管,國有財產署及所屬,一般行政,財務支出,10.10.1
2020,4017400200,1267363000,無細項,財政部主管,國有財產署及所屬,國有財產業務,財務支出,10.10.2
2020,4017409000,350000,交通及運輸設備,財政部主管,國有財產署及所屬,一般建築及設備,財務支出,10.10.3.1
2020,4017409800,600000,無細項,財政部主管,國有財產署及所屬,第一預備金,財務支出,10.10.4
2020,4017600100,398091000,無細項,財政部主管,財政資訊中心,一般行政,財務支出,10.11.1
2020,4017601000,625723000,無細項,財政部主管,財政資訊中心,財政資訊業務,財務支出,10.11.2
2020,4017609800,1326000,無細項,財政部主管,財政資訊中心,第一預備金,財務支出,10.11.3
2020,5120010100,1067421000,無細項,教育部主管,教育部,一般行政,教育支出,11.1.1
2020,5120010200,16493961000,高等教育行政及督導,教育部主管,教育部,高等教育,教育支出,11.1.2.1
2020,5120010300,1511413000,師資培育與藝術教育行政及督導,教育部主管,教育部,中等教育,教育支出,11.1.3.1
2020,5120010500,2462821000,終身教育行政及督導,教育部主管,教育部,終身教育,教育支出,11.1.4.1
2020,5120010700,1912920000,學生事務與特殊教育行政及督導,教育部主管,教育部,學務與輔導,教育支出,11.1.5.1
2020,5120010900,2212913000,資訊與科技教育行政及督導,教育部主管,教育部,各項教育推展,教育支出,11.1.6.1
2020,5120018100,3877262000,國立大學校院校務及附設醫院基金,教育部主管,教育部,非營業特種基金,教育支出,11.1.7.1
2020,5120019000,0,交通及運輸設備,教育部主管,教育部,一般建築及設備,教育支出,11.1.8.1
2020,5120019800,466292000,無細項,教育部主管,教育部,第一預備金,教育支出,11.1.9
2020,5320011100,190307000,國立社教機構創新與發展,教育部主管,教育部,加強文化與育樂活動,文化支出,11.1.10.1
2020,7620012100,17740706000,無細項,教育部主管,教育部,學校教職員暨社教機構聘任人員退休撫卹給付,退休撫卹給付支出,11.1.11
2020,5120100100,264115000,無細項,教育部主管,國民及學前教育署,一般行政,教育支出,11.2.1
2020,5120100200,92898527000,國民及學前教育行政及督導,教育部主管,國民及學前教育署,國民及學前教育,教育支出,11.2.2.1
2020,5120108100,908655000,國立高級中等學校校務基金,教育部主管,國民及學前教育署,非營業特種基金,教育支出,11.2.3.1
2020,5120109000,3280000,交通及運輸設備,教育部主管,國民及學前教育署,一般建築及設備,教育支出,11.2.4.1
2020,5120109800,40000000,無細項,教育部主管,國民及學前教育署,第一預備金,教育支出,11.2.5
2020,5120203000,3325511000,無細項,教育部主管,體育署,學校體育教育,教育支出,11.3.1
2020,5320200100,174396000,無細項,教育部主管,體育署,一般行政,文化支出,11.3.2
2020,5320201000,28709000,無細項,教育部主管,體育署,綜合規劃業務,文化支出,11.3.3
2020,5320202000,667027000,無細項,教育部主管,體育署,國家體育建設,文化支出,11.3.4
2020,5320209800,3200000,無細項,教育部主管,體育署,第一預備金,文化支出,11.3.5
2020,5120300100,94265000,無細項,教育部主管,青年發展署,一般行政,教育支出,11.4.1
2020,5120301000,227681000,青年生涯輔導,教育部主管,青年發展署,青年發展工作,教育支出,11.4.2.1
2020,5120309800,720000,無細項,教育部主管,青年發展署,第一預備金,教育支出,11.4.3
2020,5321730100,1416536000,無細項,教育部主管,國家圖書館,一般行政,文化支出,11.5.1
2020,5321731000,31942000,館藏發展及書目管理,教育部主管,國家圖書館,館務業務活動,文化支出,11.5.2.1
2020,5321739000,0,交通及運輸設備,教育部主管,國家圖書館,一般建築及設備,文化支出,11.5.3.1
2020,5321739800,771000,無細項,教育部主管,國家圖書館,第一預備金,文化支出,11.5.4
2020,5321800100,129183000,無細項,教育部主管,國立公共資訊圖書館,一般行政,文化支出,11.6.1
2020,5321801000,35166000,無細項,教育部主管,國立公共資訊圖書館,館務業務活動,文化支出,11.6.2
2020,5321809800,100000,無細項,教育部主管,國立公共資訊圖書館,第一預備金,文化支出,11.6.3
2020,5121870100,165093000,無細項,教育部主管,國立教育廣播電臺,一般行政,教育支出,11.7.1
2020,5121870200,56207000,無細項,教育部主管,國立教育廣播電臺,臺務業務活動,教育支出,11.7.2
2020,5121879800,245000,無細項,教育部主管,國立教育廣播電臺,第一預備金,教育支出,11.7.3
2020,5121900100,299319000,無細項,教育部主管,國家教育研究院,一般行政,教育支出,11.8.1
2020,5121900200,248325000,教育研究研習與推廣,教育部主管,國家教育研究院,院務業務活動,教育支出,11.8.2.1
2020,5121909000,0,交通及運輸設備,教育部主管,國家教育研究院,一般建築及設備,教育支出,11.8.3.1
2020,5121909800,1182000,無細項,教育部主管,國家教育研究院,第一預備金,教育支出,11.8.4
2020,3423010100,655784000,無細項,法務部主管,法務部,一般行政,司法支出,12.1.1
2020,3423011400,773500000,無細項,法務部主管,法務部,法務行政,司法支出,12.1.2
2020,3423019000,2600000,交通及運輸設備,法務部主管,法務部,一般建築及設備,司法支出,12.1.3.1
2020,3423019800,9807000,無細項,法務部主管,法務部,第一預備金,司法支出,12.1.4
2020,7623012000,123721000,無細項,法務部主管,法務部,司法官退休退養給付,退休撫卹給付支出,12.1.5
2020,8923013000,36892000,無細項,法務部主管,法務部,國家賠償金,其他支出,12.1.6
2020,3423100100,74431000,無細項,法務部主管,司法官學院,一般行政,司法支出,12.2.1
2020,3423101000,173267000,無細項,法務部主管,司法官學院,司法人員訓練,司法支出,12.2.2
2020,3423109800,263000,無細項,法務部主管,司法官學院,第一預備金,司法支出,12.2.3
2020,3423150100,70103000,無細項,法務部主管,法醫研究所,一般行政,司法支出,12.3.1
2020,3423151000,60209000,無細項,法務部主管,法醫研究所,法醫業務,司法支出,12.3.2
2020,3423159000,0,交通及運輸設備,法務部主管,法醫研究所,一般建築及設備,司法支出,12.3.3.1
2020,3423159800,178000,無細項,法務部主管,法醫研究所,第一預備金,司法支出,12.3.4
2020,5223151100,31000000,無細項,法務部主管,法醫研究所,鑑識科技業務,科學支出,12.3.5
2020,3423160100,381694000,無細項,法務部主管,廉政署,一般行政,司法支出,12.4.1
2020,3423161000,53605000,無細項,法務部主管,廉政署,廉政業務,司法支出,12.4.2
2020,3423169000,0,營建工程,法務部主管,廉政署,一般建築及設備,司法支出,12.4.3.1
2020,3423169800,536000,無細項,法務部主管,廉政署,第一預備金,司法支出,12.4.4
2020,5223161000,1756000,無細項,法務部主管,廉政署,司法科技業務,科學支出,12.4.5
2020,3423170100,179398000,無細項,法務部主管,矯正署及所屬,一般行政,司法支出,12.5.1
2020,3423174100,12749159000,無細項,法務部主管,矯正署及所屬,矯正業務,司法支出,12.5.2
2020,3423178700,1962836000,無細項,法務部主管,矯正署及所屬,改善監所計畫,司法支出,12.5.3
2020,3423179000,32790000,交通及運輸設備,法務部主管,矯正署及所屬,一般建築及設備,司法支出,12.5.4.1
2020,3423179800,19920000,無細項,法務部主管,矯正署及所屬,第一預備金,司法支出,12.5.5
2020,5223175000,55000000,無細項,法務部主管,矯正署及所屬,司法科技業務,科學支出,12.5.6
2020,3423180100,113729000,無細項,法務部主管,行政執行署及所屬,一般行政,司法支出,12.6.1
2020,3423181000,28856000,無細項,法務部主管,行政執行署及所屬,執行業務,司法支出,12.6.2
2020,3423184000,1323165000,無細項,法務部主管,行政執行署及所屬,執行案件處理,司法支出,12.6.3
2020,3423188500,0,無細項,法務部主管,行政執行署及所屬,行政執行機關擴(遷)建計畫,司法支出,12.6.4
2020,3423189000,5790000,交通及運輸設備,法務部主管,行政執行署及所屬,一般建築及設備,司法支出,12.6.5.1
2020,3423189800,6643000,無細項,法務部主管,行政執行署及所屬,第一預備金,司法支出,12.6.6
2020,3423200100,145426000,無細項,法務部主管,最高檢察署,一般行政,司法支出,12.7.1
2020,3423201000,22736000,無細項,法務部主管,最高檢察署,檢察業務,司法支出,12.7.2
2020,3423209000,0,交通及運輸設備,法務部主管,最高檢察署,一般建築及設備,司法支出,12.7.3.1
2020,3423209800,160000,無細項,法務部主管,最高檢察署,第一預備金,司法支出,12.7.4
2020,3423300100,773103000,無細項,法務部主管,臺灣高等檢察署,一般行政,司法支出,12.8.1
2020,3423301000,279678000,無細項,法務部主管,臺灣高等檢察署,檢察業務,司法支出,12.8.2
2020,3423308500,17246000,無細項,法務部主管,臺灣高等檢察署,檢察機關擴(遷)建計畫,司法支出,12.8.3
2020,3423309800,4406000,無細項,法務部主管,臺灣高等檢察署,第一預備金,司法支出,12.8.4
2020,3423310100,173164000,無細項,法務部主管,臺灣高等檢察署臺中檢察分署,一般行政,司法支出,12.9.1
2020,3423311000,3648000,無細項,法務部主管,臺灣高等檢察署臺中檢察分署,檢察業務,司法支出,12.9.2
2020,3423319000,0,交通及運輸設備,法務部主管,臺灣高等檢察署臺中檢察分署,一般建築及設備,司法支出,12.9.3.1
2020,3423319800,172000,無細項,法務部主管,臺灣高等檢察署臺中檢察分署,第一預備金,司法支出,12.9.4
2020,3423320100,124634000,無細項,法務部主管,臺灣高等檢察署臺南檢察分署,一般行政,司法支出,12.10.1
2020,3423321000,2892000,無細項,法務部主管,臺灣高等檢察署臺南檢察分署,檢察業務,司法支出,12.10.2
2020,3423329000,820000,交通及運輸設備,法務部主管,臺灣高等檢察署臺南檢察分署,一般建築及設備,司法支出,12.10.3.1
2020,3423329800,109000,無細項,法務部主管,臺灣高等檢察署臺南檢察分署,第一預備金,司法支出,12.10.4
2020,3423330100,157687000,無細項,法務部主管,臺灣高等檢察署高雄檢察分署,一般行政,司法支出,12.11.1
2020,3423331000,4954000,無細項,法務部主管,臺灣高等檢察署高雄檢察分署,檢察業務,司法支出,12.11.2
2020,3423339000,1400000,交通及運輸設備,法務部主管,臺灣高等檢察署高雄檢察分署,一般建築及設備,司法支出,12.11.3.1
2020,3423339800,124000,無細項,法務部主管,臺灣高等檢察署高雄檢察分署,第一預備金,司法支出,12.11.4
2020,3423340100,52580000,無細項,法務部主管,臺灣高等檢察署花蓮檢察分署,一般行政,司法支出,12.12.1
2020,3423341000,1919000,無細項,法務部主管,臺灣高等檢察署花蓮檢察分署,檢察業務,司法支出,12.12.2
2020,3423349000,820000,交通及運輸設備,法務部主管,臺灣高等檢察署花蓮檢察分署,一般建築及設備,司法支出,12.12.3.1
2020,3423349800,46000,無細項,法務部主管,臺灣高等檢察署花蓮檢察分署,第一預備金,司法支出,12.12.4
2020,3423350100,16965000,無細項,法務部主管,臺灣高等檢察署智慧財產檢察分署,一般行政,司法支出,12.13.1
2020,3423351000,901000,無細項,法務部主管,臺灣高等檢察署智慧財產檢察分署,檢察業務,司法支出,12.13.2
2020,3423359800,47000,無細項,法務部主管,臺灣高等檢察署智慧財產檢察分署,第一預備金,司法支出,12.13.3
2020,3423410100,927361000,無細項,法務部主管,臺灣臺北地方檢察署,一般行政,司法支出,12.14.1
2020,3423411000,97992000,無細項,法務部主管,臺灣臺北地方檢察署,檢察業務,司法支出,12.14.2
2020,3423418500,10920000,無細項,法務部主管,臺灣臺北地方檢察署,檢察機關擴(遷)建計畫,司法支出,12.14.3
2020,3423419000,1300000,交通及運輸設備,法務部主管,臺灣臺北地方檢察署,一般建築及設備,司法支出,12.14.4.1
2020,3423419800,699000,無細項,法務部主管,臺灣臺北地方檢察署,第一預備金,司法支出,12.14.5
2020,3423420100,420944000,無細項,法務部主管,臺灣士林地方檢察署,一般行政,司法支出,12.15.1
2020,3423421000,50196000,無細項,法務部主管,臺灣士林地方檢察署,檢察業務,司法支出,12.15.2
2020,3423428500,0,無細項,法務部主管,臺灣士林地方檢察署,檢察機關擴(遷)建計畫,司法支出,12.15.3
2020,3423429000,1000000,交通及運輸設備,法務部主管,臺灣士林地方檢察署,一般建築及設備,司法支出,12.15.4.1
2020,3423429800,292000,無細項,法務部主管,臺灣士林地方檢察署,第一預備金,司法支出,12.15.5
2020,3423430100,741191000,無細項,法務部主管,臺灣新北地方檢察署,一般行政,司法支出,12.16.1
2020,3423431000,86990000,無細項,法務部主管,臺灣新北地方檢察署,檢察業務,司法支出,12.16.2
2020,3423439000,4150000,交通及運輸設備,法務部主管,臺灣新北地方檢察署,一般建築及設備,司法支出,12.16.3.1
2020,3423439800,498000,無細項,法務部主管,臺灣新北地方檢察署,第一預備金,司法支出,12.16.4
2020,3423470100,601618000,無細項,法務部主管,臺灣桃園地方檢察署,一般行政,司法支出,12.17.1
2020,3423471000,73006000,無細項,法務部主管,臺灣桃園地方檢察署,檢察業務,司法支出,12.17.2
2020,3423479000,4320000,交通及運輸設備,法務部主管,臺灣桃園地方檢察署,一般建築及設備,司法支出,12.17.3.1
2020,3423479800,789000,無細項,法務部主管,臺灣桃園地方檢察署,第一預備金,司法支出,12.17.4
2020,3423480100,286774000,無細項,法務部主管,臺灣新竹地方檢察署,一般行政,司法支出,12.18.1
2020,3423481000,40173000,無細項,法務部主管,臺灣新竹地方檢察署,檢察業務,司法支出,12.18.2
2020,3423489800,202000,無細項,法務部主管,臺灣新竹地方檢察署,第一預備金,司法支出,12.18.3
2020,3423490100,186420000,無細項,法務部主管,臺灣苗栗地方檢察署,一般行政,司法支出,12.19.1
2020,3423491000,32543000,無細項,法務部主管,臺灣苗栗地方檢察署,檢察業務,司法支出,12.19.2
2020,3423499000,3500000,交通及運輸設備,法務部主管,臺灣苗栗地方檢察署,一般建築及設備,司法支出,12.19.3.1
2020,3423499800,141000,無細項,法務部主管,臺灣苗栗地方檢察署,第一預備金,司法支出,12.19.4
2020,3423500100,807663000,無細項,法務部主管,臺灣臺中地方檢察署,一般行政,司法支出,12.20.1
2020,3423501000,119968000,無細項,法務部主管,臺灣臺中地方檢察署,檢察業務,司法支出,12.20.2
2020,3423509000,3060000,交通及運輸設備,法務部主管,臺灣臺中地方檢察署,一般建築及設備,司法支出,12.20.3.1
2020,3423509800,538000,無細項,法務部主管,臺灣臺中地方檢察署,第一預備金,司法支出,12.20.4
2020,3423510100,182794000,無細項,法務部主管,臺灣南投地方檢察署,一般行政,司法支出,12.21.1
2020,3423511000,25938000,無細項,法務部主管,臺灣南投地方檢察署,檢察業務,司法支出,12.21.2
2020,3423519000,1470000,交通及運輸設備,法務部主管,臺灣南投地方檢察署,一般建築及設備,司法支出,12.21.3.1
2020,3423519800,138000,無細項,法務部主管,臺灣南投地方檢察署,第一預備金,司法支出,12.21.4
2020,3423520100,341456000,無細項,法務部主管,臺灣彰化地方檢察署,一般行政,司法支出,12.22.1
2020,3423521000,44402000,無細項,法務部主管,臺灣彰化地方檢察署,檢察業務,司法支出,12.22.2
2020,3423528500,509065000,無細項,法務部主管,臺灣彰化地方檢察署,檢察機關擴(遷)建計畫,司法支出,12.22.3
2020,3423529000,3500000,交通及運輸設備,法務部主管,臺灣彰化地方檢察署,一般建築及設備,司法支出,12.22.4.1
2020,3423529800,246000,無細項,法務部主管,臺灣彰化地方檢察署,第一預備金,司法支出,12.22.5
2020,3423530100,195657000,無細項,法務部主管,臺灣雲林地方檢察署,一般行政,司法支出,12.23.1
2020,3423531000,29825000,無細項,法務部主管,臺灣雲林地方檢察署,檢察業務,司法支出,12.23.2
2020,3423539000,0,交通及運輸設備,法務部主管,臺灣雲林地方檢察署,一般建築及設備,司法支出,12.23.3.1
2020,3423539800,150000,無細項,法務部主管,臺灣雲林地方檢察署,第一預備金,司法支出,12.23.4
2020,3423540100,276824000,無細項,法務部主管,臺灣嘉義地方檢察署,一般行政,司法支出,12.24.1
2020,3423541000,39261000,無細項,法務部主管,臺灣嘉義地方檢察署,檢察業務,司法支出,12.24.2
2020,3423549800,196000,無細項,法務部主管,臺灣嘉義地方檢察署,第一預備金,司法支出,12.24.3
2020,3423560100,492750000,無細項,法務部主管,臺灣臺南地方檢察署,一般行政,司法支出,12.25.1
2020,3423561000,83147000,無細項,法務部主管,臺灣臺南地方檢察署,檢察業務,司法支出,12.25.2
2020,3423569000,820000,交通及運輸設備,法務部主管,臺灣臺南地方檢察署,一般建築及設備,司法支出,12.25.3.1
2020,3423569800,376000,無細項,法務部主管,臺灣臺南地方檢察署,第一預備金,司法支出,12.25.4
2020,3423570100,314420000,無細項,法務部主管,臺灣橋頭地方檢察署,一般行政,司法支出,12.26.1
2020,3423571000,50976000,無細項,法務部主管,臺灣橋頭地方檢察署,檢察業務,司法支出,12.26.2
2020,3423579800,193000,無細項,法務部主管,臺灣橋頭地方檢察署,第一預備金,司法支出,12.26.3
2020,3423580100,652312000,無細項,法務部主管,臺灣高雄地方檢察署,一般行政,司法支出,12.27.1
2020,3423581000,91319000,無細項,法務部主管,臺灣高雄地方檢察署,檢察業務,司法支出,12.27.2
2020,3423589000,650000,交通及運輸設備,法務部主管,臺灣高雄地方檢察署,一般建築及設備,司法支出,12.27.3.1
2020,3423589800,449000,無細項,法務部主管,臺灣高雄地方檢察署,第一預備金,司法支出,12.27.4
2020,3423590100,273942000,無細項,法務部主管,臺灣屏東地方檢察署,一般行政,司法支出,12.28.1
2020,3423591000,35896000,無細項,法務部主管,臺灣屏東地方檢察署,檢察業務,司法支出,12.28.2
2020,3423599800,185000,無細項,法務部主管,臺灣屏東地方檢察署,第一預備金,司法支出,12.28.3
2020,3423600100,125084000,無細項,法務部主管,臺灣臺東地方檢察署,一般行政,司法支出,12.29.1
2020,3423601000,16799000,無細項,法務部主管,臺灣臺東地方檢察署,檢察業務,司法支出,12.29.2
2020,3423609000,820000,交通及運輸設備,法務部主管,臺灣臺東地方檢察署,一般建築及設備,司法支出,12.29.3.1
2020,3423609800,256000,無細項,法務部主管,臺灣臺東地方檢察署,第一預備金,司法支出,12.29.4
2020,3423610100,174854000,無細項,法務部主管,臺灣花蓮地方檢察署,一般行政,司法支出,12.30.1
2020,3423611000,22436000,無細項,法務部主管,臺灣花蓮地方檢察署,檢察業務,司法支出,12.30.2
2020,3423619000,1820000,交通及運輸設備,法務部主管,臺灣花蓮地方檢察署,一般建築及設備,司法支出,12.30.3.1
2020,3423619800,238000,無細項,法務部主管,臺灣花蓮地方檢察署,第一預備金,司法支出,12.30.4
2020,3423620100,167032000,無細項,法務部主管,臺灣宜蘭地方檢察署,一般行政,司法支出,12.31.1
2020,3423621000,22336000,無細項,法務部主管,臺灣宜蘭地方檢察署,檢察業務,司法支出,12.31.2
2020,3423629800,292000,無細項,法務部主管,臺灣宜蘭地方檢察署,第一預備金,司法支出,12.31.3
2020,3423630100,188730000,無細項,法務部主管,臺灣基隆地方檢察署,一般行政,司法支出,12.32.1
2020,3423631000,21616000,無細項,法務部主管,臺灣基隆地方檢察署,檢察業務,司法支出,12.32.2
2020,3423639800,367000,無細項,法務部主管,臺灣基隆地方檢察署,第一預備金,司法支出,12.32.3
2020,3423640100,80506000,無細項,法務部主管,臺灣澎湖地方檢察署,一般行政,司法支出,12.33.1
2020,3423641000,7478000,無細項,法務部主管,臺灣澎湖地方檢察署,檢察業務,司法支出,12.33.2
2020,3423649000,1400000,交通及運輸設備,法務部主管,臺灣澎湖地方檢察署,一般建築及設備,司法支出,12.33.3.1
2020,3423649800,62000,無細項,法務部主管,臺灣澎湖地方檢察署,第一預備金,司法支出,12.33.4
2020,3423900100,19380000,無細項,法務部主管,福建高等檢察署金門檢察分署,一般行政,司法支出,12.34.1
2020,3423901000,6464000,無細項,法務部主管,福建高等檢察署金門檢察分署,檢察業務,司法支出,12.34.2
2020,3423909000,1590000,交通及運輸設備,法務部主管,福建高等檢察署金門檢察分署,一般建築及設備,司法支出,12.34.3.1
2020,3423909800,14000,無細項,法務部主管,福建高等檢察署金門檢察分署,第一預備金,司法支出,12.34.4
2020,3423910100,48409000,無細項,法務部主管,福建金門地方檢察署,一般行政,司法支出,12.35.1
2020,3423911000,5002000,無細項,法務部主管,福建金門地方檢察署,檢察業務,司法支出,12.35.2
2020,3423919800,68000,無細項,法務部主管,福建金門地方檢察署,第一預備金,司法支出,12.35.3
2020,3423920100,15213000,無細項,法務部主管,福建連江地方檢察署,一般行政,司法支出,12.36.1
2020,3423921000,1686000,無細項,法務部主管,福建連江地方檢察署,檢察業務,司法支出,12.36.2
2020,3423929000,635000,交通及運輸設備,法務部主管,福建連江地方檢察署,一般建築及設備,司法支出,12.36.3.1
2020,3423929800,58000,無細項,法務部主管,福建連江地方檢察署,第一預備金,司法支出,12.36.4
2020,3423950100,4976035000,無細項,法務部主管,調查局,一般行政,司法支出,12.37.1
2020,3423951000,222000000,無細項,法務部主管,調查局,司法調查業務,司法支出,12.37.2
2020,3423952000,155000000,無細項,法務部主管,調查局,鑑識科學及通訊監察業務,司法支出,12.37.3
2020,3423959000,15353000,營建工程,法務部主管,調查局,一般建築及設備,司法支出,12.37.4.1
2020,3423959800,3924000,無細項,法務部主管,調查局,第一預備金,司法支出,12.37.5
2020,5223953000,56155000,無細項,法務部主管,調查局,鑑識科技業務,科學支出,12.37.6
2020,5226011300,703403000,無細項,經濟部主管,經濟部,推動商業科技發展,科學支出,13.1.1
2020,5226014000,15495714000,無細項,經濟部主管,經濟部,科技專案,科學支出,13.1.2
2020,5226014200,26283000,無細項,經濟部主管,經濟部,延攬海外科技人才,科學支出,13.1.3
2020,5226014400,5427000,無細項,經濟部主管,經濟部,礦業及土石科技發展,科學支出,13.1.4
2020,5726012000,32349000,無細項,經濟部主管,經濟部,礦務行政與管理,工業支出,13.1.5
2020,5926010100,1724929000,無細項,經濟部主管,經濟部,一般行政,其他經濟服務支出,13.1.6
2020,5926011000,6262000,無細項,經濟部主管,經濟部,國營事業管理,其他經濟服務支出,13.1.7
2020,5926011100,8012000,無細項,經濟部主管,經濟部,投資審議,其他經濟服務支出,13.1.8
2020,5926011200,252574000,無細項,經濟部主管,經濟部,推動商業現代化,其他經濟服務支出,13.1.9
2020,5926011500,28061000,無細項,經濟部主管,經濟部,經濟行政與管理,其他經濟服務支出,13.1.10
2020,5926011600,2778000,無細項,經濟部主管,經濟部,貿易調查業務,其他經濟服務支出,13.1.11
2020,5926012400,16205000,國際經濟合作,經濟部主管,經濟部,國際經濟合作與促進投資,其他經濟服務支出,13.1.12.1
2020,5926018100,867650000,經濟作業基金,經濟部主管,經濟部,非營業特種基金,其他經濟服務支出,13.1.13.1
2020,5926019000,0,交通及運輸設備,經濟部主管,經濟部,一般建築及設備,其他經濟服務支出,13.1.14.1
2020,5926019800,86129000,無細項,經濟部主管,經濟部,第一預備金,其他經濟服務支出,13.1.15
2020,6326016200,1725000,無細項,經濟部主管,經濟部,早期退休人員生活困難照護金,福利服務支出,13.1.16
2020,7626016000,4231000,無細項,經濟部主管,經濟部,退休撫卹給付,退休撫卹給付支出,13.1.17
2020,5226102200,8244474000,無細項,經濟部主管,工業局,工業技術升級輔導,科學支出,13.2.1
2020,5726100100,354975000,無細項,經濟部主管,工業局,一般行政,工業支出,13.2.2
2020,5726102000,552644000,無細項,經濟部主管,工業局,工業管理,工業支出,13.2.3
2020,5726109000,0,交通及運輸設備,經濟部主管,工業局,一般建築及設備,工業支出,13.2.4.1
2020,5726109800,3000000,無細項,經濟部主管,工業局,第一預備金,工業支出,13.2.5
2020,5926200100,516896000,無細項,經濟部主管,國際貿易局及所屬,一般行政,其他經濟服務支出,13.3.1
2020,5926201000,1264758000,無細項,經濟部主管,國際貿易局及所屬,國際貿易,其他經濟服務支出,13.3.2
2020,5926209000,0,交通及運輸設備,經濟部主管,國際貿易局及所屬,一般建築及設備,其他經濟服務支出,13.3.3.1
2020,5926209800,5200000,無細項,經濟部主管,國際貿易局及所屬,第一預備金,其他經濟服務支出,13.3.4
2020,5226310400,370418000,無細項,經濟部主管,標準檢驗局及所屬,建立及維持度量衡標準,科學支出,13.4.1
2020,5226310500,365942000,無細項,經濟部主管,標準檢驗局及所屬,建立及維護國家標準,科學支出,13.4.2
2020,5926310100,1254516000,無細項,經濟部主管,標準檢驗局及所屬,一般行政,其他經濟服務支出,13.4.3
2020,5926310200,488116000,無細項,經濟部主管,標準檢驗局及所屬,標準檢驗及度政管理,其他經濟服務支出,13.4.4
2020,5926319000,19240000,營建工程,經濟部主管,標準檢驗局及所屬,一般建築及設備,其他經濟服務支出,13.4.5.1
2020,5926319800,3000000,無細項,經濟部主管,標準檢驗局及所屬,第一預備金,其他經濟服務支出,13.4.6
2020,5226413000,234451000,無細項,經濟部主管,智慧財產局,智慧財產權科技發展,科學支出,13.5.1
2020,5926410100,1001443000,無細項,經濟部主管,智慧財產局,一般行政,其他經濟服務支出,13.5.2
2020,5926411000,250335000,無細項,經濟部主管,智慧財產局,推動保護智慧財產權,其他經濟服務支出,13.5.3
2020,5926419000,0,交通及運輸設備,經濟部主管,智慧財產局,一般建築及設備,其他經濟服務支出,13.5.4.1
2020,5926419800,2208000,無細項,經濟部主管,智慧財產局,第一預備金,其他經濟服務支出,13.5.5
2020,5226551100,152784000,無細項,經濟部主管,水利署及所屬,水資源科技發展,科學支出,13.6.1
2020,5626550100,2160543000,無細項,經濟部主管,水利署及所屬,一般行政,農業支出,13.6.2
2020,5626551200,693024000,水資源企劃及保育,經濟部主管,水利署及所屬,水利建設及保育管理,農業支出,13.6.3.1
2020,5626559000,8000000,交通及運輸設備,經濟部主管,水利署及所屬,一般建築及設備,農業支出,13.6.4.1
2020,5626559800,6935000,無細項,經濟部主管,水利署及所屬,第一預備金,農業支出,13.6.5
2020,5226752000,2069754000,無細項,經濟部主管,中小企業處,中小企業科技應用,科學支出,13.7.1
2020,5926750100,144187000,無細項,經濟部主管,中小企業處,一般行政,其他經濟服務支出,13.7.2
2020,5926751000,2668050000,無細項,經濟部主管,中小企業處,中小企業發展,其他經濟服務支出,13.7.3
2020,5926759800,4881000,無細項,經濟部主管,中小企業處,第一預備金,其他經濟服務支出,13.7.4
2020,5226800400,65421000,無細項,經濟部主管,加工出口區管理處及所屬,園區產業升級,科學支出,13.8.1
2020,5726800100,347992000,無細項,經濟部主管,加工出口區管理處及所屬,一般行政,工業支出,13.8.2
2020,5726801000,103812000,加工出口區管理,經濟部主管,加工出口區管理處及所屬,加工出口區業務,工業支出,13.8.3.1
2020,5726809000,1080000,交通及運輸設備,經濟部主管,加工出口區管理處及所屬,一般建築及設備,工業支出,13.8.4.1
2020,5726809800,100000,無細項,經濟部主管,加工出口區管理處及所屬,第一預備金,工業支出,13.8.5
2020,5226904000,231059000,無細項,經濟部主管,中央地質調查所,地質科技研究發展,科學支出,13.9.1
2020,5726900100,117418000,無細項,經濟部主管,中央地質調查所,一般行政,工業支出,13.9.2
2020,5726901000,81514000,無細項,經濟部主管,中央地質調查所,地質調查研究,工業支出,13.9.3
2020,5726909800,300000,無細項,經濟部主管,中央地質調查所,第一預備金,工業支出,13.9.4
2020,5226963000,232606000,無細項,經濟部主管,能源局,能源科技計畫,科學支出,13.10.1
2020,5726960100,217376000,無細項,經濟部主管,能源局,一般行政,工業支出,13.10.2
2020,5726960200,51081000,無細項,經濟部主管,能源局,能源規劃與國際交流,工業支出,13.10.3
2020,5726969800,250000,無細項,經濟部主管,能源局,第一預備金,工業支出,13.10.4
2020,5229011800,32063000,無細項,交通部主管,交通部,交通科技研究發展,科學支出,14.1.1
2020,5829010100,780115000,無細項,交通部主管,交通部,一般行政,交通支出,14.1.2
2020,5829011000,429829000,無細項,交通部主管,交通部,航政業務規劃及督導,交通支出,14.1.3
2020,5829011100,9190000,無細項,交通部主管,交通部,郵電業務規劃及督導,交通支出,14.1.4
2020,5829011200,670205000,路政管理,交通部主管,交通部,路政業務規劃及督導,交通支出,14.1.5.1
2020,5829014800,279545000,無細項,交通部主管,交通部,道路交通安全,交通支出,14.1.6
2020,5829017700,1068834000,無細項,交通部主管,交通部,航政港政業務管理及執行,交通支出,14.1.7
2020,5829018000,14949587000,臺灣鐵路管理局,交通部主管,交通部,營業基金,交通支出,14.1.8.1
2020,5829018600,2447000000,都市大眾捷運系統建設計畫,交通部主管,交通部,鐵公路重要交通工程,交通支出,14.1.9.1
2020,5829018700,1284636000,無細項,交通部主管,交通部,偏遠地區交通建設,交通支出,14.1.10
2020,5829019000,8055000,交通及運輸設備,交通部主管,交通部,一般建築及設備,交通支出,14.1.11.1
2020,5829019800,11149000,無細項,交通部主管,交通部,第一預備金,交通支出,14.1.12
2020,5829110100,332056000,無細項,交通部主管,民用航空局,一般行政,交通支出,14.2.1
2020,5829110200,246000,無細項,交通部主管,民用航空局,空運管理業務,交通支出,14.2.2
2020,5829119800,1200000,無細項,交通部主管,民用航空局,第一預備金,交通支出,14.2.3
2020,5229212000,188952000,氣象科技研究,交通部主管,中央氣象局,氣象科技研究發展,科學支出,14.3.1.1
2020,5929210100,557845000,無細項,交通部主管,中央氣象局,一般行政,其他經濟服務支出,14.3.2
2020,5929211000,178307000,無細項,交通部主管,中央氣象局,氣象測報,其他經濟服務支出,14.3.3
2020,5929219000,52371000,營建工程,交通部主管,中央氣象局,一般建築及設備,其他經濟服務支出,14.3.4.1
2020,5929219800,880000,無細項,交通部主管,中央氣象局,第一預備金,其他經濟服務支出,14.3.5
2020,5929310100,879018000,無細項,交通部主管,觀光局及所屬,一般行政,其他經濟服務支出,14.4.1
2020,5929311000,94363000,無細項,交通部主管,觀光局及所屬,觀光業務,其他經濟服務支出,14.4.2
2020,5929311100,2340067000,無細項,交通部主管,觀光局及所屬,國家風景區開發與管理,其他經濟服務支出,14.4.3
2020,5929319000,120000,交通及運輸設備,交通部主管,觀光局及所屬,一般建築及設備,其他經濟服務支出,14.4.4.1
2020,5929319800,5100000,無細項,交通部主管,觀光局及所屬,第一預備金,其他經濟服務支出,14.4.5
2020,5229512000,95641000,無細項,交通部主管,運輸研究所,運輸科技應用研究業務,科學支出,14.5.1
2020,5829510100,237039000,無細項,交通部主管,運輸研究所,一般行政,交通支出,14.5.2
2020,5829511000,64905000,無細項,交通部主管,運輸研究所,運輸研究業務,交通支出,14.5.3
2020,5829519800,200000,無細項,交通部主管,運輸研究所,第一預備金,交通支出,14.5.4
2020,5829710100,4748559000,無細項,交通部主管,公路總局及所屬,一般行政,交通支出,14.6.1
2020,5829711000,6847161000,無細項,交通部主管,公路總局及所屬,公路及監理業務管理,交通支出,14.6.2
2020,5829712000,30286789000,公路新建及養護計畫,交通部主管,公路總局及所屬,公路建設及改善計畫,交通支出,14.6.3.1
2020,5829719000,44863000,營建工程,交通部主管,公路總局及所屬,一般建築及設備,交通支出,14.6.4.1
2020,5829719800,1821000,無細項,交通部主管,公路總局及所屬,第一預備金,交通支出,14.6.5
2020,5829810100,1298756000,無細項,交通部主管,鐵道局及所屬,一般行政,交通支出,14.7.1
2020,5829811000,22496000,無細項,交通部主管,鐵道局及所屬,鐵道業務,交通支出,14.7.2
2020,5829811100,286000000,無細項,交通部主管,鐵道局及所屬,國家鐵道建設與管理,交通支出,14.7.3
2020,5829818600,3291600000,鐵路建設計畫,交通部主管,鐵道局及所屬,鐵公路重要交通工程,交通支出,14.7.4.1
2020,5829819800,4151000,無細項,交通部主管,鐵道局及所屬,第一預備金,交通支出,14.7.5
2020,6130011300,145473912000,無細項,勞動部主管,勞動部,勞動保險業務,社會保險支出,15.1.1
2020,6330010100,503614000,無細項,勞動部主管,勞動部,一般行政,福利服務支出,15.1.2
2020,6330011100,13933000,無細項,勞動部主管,勞動部,綜合規劃業務,福利服務支出,15.1.3
2020,6330011200,64903000,無細項,勞動部主管,勞動部,勞動關係業務,福利服務支出,15.1.4
2020,6330011400,29013000,無細項,勞動部主管,勞動部,勞動福祉退休業務,福利服務支出,15.1.5
2020,6330011500,5356000,無細項,勞動部主管,勞動部,勞動條件及就業平等業務,福利服務支出,15.1.6
2020,6330011600,7921000,無細項,勞動部主管,勞動部,勞動法務業務,福利服務支出,15.1.7
2020,6330019000,1590000,交通及運輸設備,勞動部主管,勞動部,一般建築及設備,福利服務支出,15.1.8.1
2020,6330019800,4245000,無細項,勞動部主管,勞動部,第一預備金,福利服務支出,15.1.9
2020,6130100100,2728528000,無細項,勞動部主管,勞工保險局,一般行政,社會保險支出,15.2.1
2020,6130101100,596213000,無細項,勞動部主管,勞工保險局,保險業務,社會保險支出,15.2.2
2020,6130109000,210000,交通及運輸設備,勞動部主管,勞工保險局,一般建築及設備,社會保險支出,15.2.3.1
2020,6130109800,3600000,無細項,勞動部主管,勞工保險局,第一預備金,社會保險支出,15.2.4
2020,6330101600,123622000,無細項,勞動部主管,勞工保險局,勞工退休金業務,福利服務支出,15.2.5
2020,6430200100,308086000,無細項,勞動部主管,勞動力發展署及所屬,一般行政,國民就業支出,15.3.1
2020,6430200200,3633000,綜合規劃,勞動部主管,勞動力發展署及所屬,勞動力發展業務,國民就業支出,15.3.2.1
2020,6430200300,189438000,北基宜花金馬分署管理,勞動部主管,勞動力發展署及所屬,分署管理,國民就業支出,15.3.3.1
2020,6430200400,94413000,無細項,勞動部主管,勞動力發展署及所屬,技能檢定中心管理,國民就業支出,15.3.4
2020,6430209000,705000,交通及運輸設備,勞動部主管,勞動力發展署及所屬,一般建築及設備,國民就業支出,15.3.5.1
2020,6430209800,2831000,無細項,勞動部主管,勞動力發展署及所屬,第一預備金,國民就業支出,15.3.6
2020,5230301000,47000000,無細項,勞動部主管,職業安全衛生署,職業安全衛生科技發展業務,科學支出,15.4.1
2020,6130301400,20000000,無細項,勞動部主管,職業安全衛生署,職業災害保護業務,社會保險支出,15.4.2
2020,6330300100,386460000,無細項,勞動部主管,職業安全衛生署,一般行政,福利服務支出,15.4.3
2020,6330300200,394471000,無細項,勞動部主管,職業安全衛生署,職業安全衛生業務,福利服務支出,15.4.4
2020,6330309000,54249000,營建工程,勞動部主管,職業安全衛生署,一般建築及設備,福利服務支出,15.4.5.1
2020,6330309800,900000,無細項,勞動部主管,職業安全衛生署,第一預備金,福利服務支出,15.4.6
2020,6330400100,173206000,無細項,勞動部主管,勞動基金運用局,一般行政,福利服務支出,15.5.1
2020,6330400200,9506000,無細項,勞動部主管,勞動基金運用局,勞動基金運用業務,福利服務支出,15.5.2
2020,6330409800,100000,無細項,勞動部主管,勞動基金運用局,第一預備金,福利服務支出,15.5.3
2020,5230500100,93336000,無細項,勞動部主管,勞動及職業安全衛生研究所,一般行政,科學支出,15.6.1
2020,5230501100,200786000,無細項,勞動部主管,勞動及職業安全衛生研究所,勞動及職業安全衛生研究,科學支出,15.6.2
2020,5230509000,5520000,其他設備,勞動部主管,勞動及職業安全衛生研究所,一般建築及設備,科學支出,15.6.3.1
2020,5230509800,100000,無細項,勞動部主管,勞動及職業安全衛生研究所,第一預備金,科學支出,15.6.4
2020,4139010100,357380000,無細項,僑務委員會主管,僑務委員會,一般行政,僑務支出,16.1.1
2020,4139010900,43667000,無細項,僑務委員會主管,僑務委員會,綜合規劃業務,僑務支出,16.1.2
2020,4139012000,177034000,無細項,僑務委員會主管,僑務委員會,僑民僑團聯繫接待暨僑教中心服務,僑務支出,16.1.3
2020,4139013100,150043000,無細項,僑務委員會主管,僑務委員會,僑校發展暨文化社教輔助,僑務支出,16.1.4
2020,4139013200,61950000,無細項,僑務委員會主管,僑務委員會,僑商經濟業務,僑務支出,16.1.5
2020,4139013300,406193000,無細項,僑務委員會主管,僑務委員會,僑生回國升學暨僑青培訓研習,僑務支出,16.1.6
2020,4139013400,15073000,無細項,僑務委員會主管,僑務委員會,僑務新聞資訊及傳媒服務,僑務支出,16.1.7
2020,4139019800,7650000,無細項,僑務委員會主管,僑務委員會,第一預備金,僑務支出,16.1.8
2020,413901A000,69679000,無細項,僑務委員會主管,僑務委員會,僑務支出(機密預算),僑務支出,16.1.9
2020,5248010100,333135000,無細項,原子能委員會主管,原子能委員會,一般行政,科學支出,17.1.1
2020,5248011000,70696000,原子能科學發展,原子能委員會主管,原子能委員會,原子能管理發展業務,科學支出,17.1.2.1
2020,5248019800,174000,無細項,原子能委員會主管,原子能委員會,第一預備金,科學支出,17.1.3
2020,7148100100,78430000,無細項,原子能委員會主管,輻射偵測中心,一般行政,環境保護支出,17.2.1
2020,7148101000,15071000,無細項,原子能委員會主管,輻射偵測中心,環境輻射偵測,環境保護支出,17.2.2
2020,7148109000,0,交通及運輸設備,原子能委員會主管,輻射偵測中心,一般建築及設備,環境保護支出,17.2.3.1
2020,7148109800,10000,無細項,原子能委員會主管,輻射偵測中心,第一預備金,環境保護支出,17.2.4
2020,7148200100,63114000,無細項,原子能委員會主管,放射性物料管理局,一般行政,環境保護支出,17.3.1
2020,7148201000,18484000,放射性物料管理作業,原子能委員會主管,放射性物料管理局,放射性物料管理,環境保護支出,17.3.2.1
2020,7148209800,10000,無細項,原子能委員會主管,放射性物料管理局,第一預備金,環境保護支出,17.3.3
2020,5248300100,1199076000,無細項,原子能委員會主管,核能研究所,一般行政,科學支出,17.4.1
2020,5248301200,113243000,無細項,原子能委員會主管,核能研究所,計畫管理與設施維運,科學支出,17.4.2
2020,5248302100,341779000,無細項,原子能委員會主管,核能研究所,核能科技研發計畫,科學支出,17.4.3
2020,5248303000,132800000,無細項,原子能委員會主管,核能研究所,推廣能源技術應用,科學支出,17.4.4
2020,5248309000,6590000,交通及運輸設備,原子能委員會主管,核能研究所,一般建築及設備,科學支出,17.4.5.1
2020,5248309800,10000,無細項,原子能委員會主管,核能研究所,第一預備金,科學支出,17.4.6
2020,5251011200,1338090000,無細項,農業委員會主管,農業委員會,農業科技研究發展,科學支出,18.1.1
2020,5651010100,580961000,無細項,農業委員會主管,農業委員會,一般行政,農業支出,18.1.2
2020,5651011000,3460567000,無細項,農業委員會主管,農業委員會,農業管理,農業支出,18.1.3
2020,5651011100,32610590000,無細項,農業委員會主管,農業委員會,農業發展,農業支出,18.1.4
2020,5651018100,27646181000,農業特別收入基金,農業委員會主管,農業委員會,非營業特種基金,農業支出,18.1.5.1
2020,5651019000,0,交通及運輸設備,農業委員會主管,農業委員會,一般建築及設備,農業支出,18.1.6.1
2020,5651019800,62678000,無細項,農業委員會主管,農業委員會,第一預備金,農業支出,18.1.7
2020,6151011000,20724510000,無細項,農業委員會主管,農業委員會,社會保險業務,社會保險支出,18.1.8
2020,6351012400,47565697000,無細項,農業委員會主管,農業委員會,老年農民福利津貼,福利服務支出,18.1.9
2020,5251021300,48784000,無細項,農業委員會主管,林務局,林業試驗研究,科學支出,18.2.1
2020,5651020100,2397405000,無細項,農業委員會主管,林務局,一般行政,農業支出,18.2.2
2020,5651021000,96398000,無細項,農業委員會主管,林務局,林業管理,農業支出,18.2.3
2020,5651021100,4621885000,無細項,農業委員會主管,林務局,林業發展,農業支出,18.2.4
2020,5651029800,1000000,無細項,農業委員會主管,林務局,第一預備金,農業支出,18.2.5
2020,5251031000,30457000,無細項,農業委員會主管,水土保持局,水土保持試驗研究,科學支出,18.3.1
2020,5651030100,600038000,無細項,農業委員會主管,水土保持局,一般行政,農業支出,18.3.2
2020,5651031000,5527000000,無細項,農業委員會主管,水土保持局,水土保持發展,農業支出,18.3.3
2020,5651039800,200000,無細項,農業委員會主管,水土保持局,第一預備金,農業支出,18.3.4
2020,5251041000,636962000,無細項,農業委員會主管,農業試驗所,農業試驗研究,科學支出,18.4.1
2020,5651040100,498950000,無細項,農業委員會主管,農業試驗所,一般行政,農業支出,18.4.2
2020,5651041100,66600000,無細項,農業委員會主管,農業試驗所,農業數位化發展,農業支出,18.4.3
2020,5651049000,63346000,營建工程,農業委員會主管,農業試驗所,一般建築及設備,農業支出,18.4.4.1
2020,5651049800,300000,無細項,農業委員會主管,農業試驗所,第一預備金,農業支出,18.4.5
2020,5251051000,152940000,無細項,農業委員會主管,林業試驗所,林業科技試驗研究,科學支出,18.5.1
2020,5651050100,316516000,無細項,農業委員會主管,林業試驗所,一般行政,農業支出,18.5.2
2020,5651051000,54680000,無細項,農業委員會主管,林業試驗所,林業管理,農業支出,18.5.3
2020,5651052000,286310000,無細項,農業委員會主管,林業試驗所,林業發展,農業支出,18.5.4
2020,5651059800,200000,無細項,農業委員會主管,林業試驗所,第一預備金,農業支出,18.5.5
2020,5251061200,215257000,無細項,農業委員會主管,水產試驗所,水產試驗研究,科學支出,18.6.1
2020,5651060100,337150000,無細項,農業委員會主管,水產試驗所,一般行政,農業支出,18.6.2
2020,5651060200,183553000,無細項,農業委員會主管,水產試驗所,農業試驗發展,農業支出,18.6.3
2020,5651069000,10820000,交通及運輸設備,農業委員會主管,水產試驗所,一般建築及設備,農業支出,18.6.4.1
2020,5651069800,200000,無細項,農業委員會主管,水產試驗所,第一預備金,農業支出,18.6.5
2020,5251071000,324062000,無細項,農業委員會主管,畜產試驗所,畜牧試驗研究,科學支出,18.7.1
2020,5651070100,385668000,無細項,農業委員會主管,畜產試驗所,一般行政,農業支出,18.7.2
2020,5651079000,1400000,交通及運輸設備,農業委員會主管,畜產試驗所,一般建築及設備,農業支出,18.7.3.1
2020,5651079800,200000,無細項,農業委員會主管,畜產試驗所,第一預備金,農業支出,18.7.4
2020,5251081200,183559000,無細項,農業委員會主管,家畜衛生試驗所,動物衛生試驗研究,科學支出,18.8.1
2020,5651080100,165238000,無細項,農業委員會主管,家畜衛生試驗所,一般行政,農業支出,18.8.2
2020,5651083000,134269000,無細項,農業委員會主管,家畜衛生試驗所,農業試驗發展,農業支出,18.8.3
2020,5651089000,635000,交通及運輸設備,農業委員會主管,家畜衛生試驗所,一般建築及設備,農業支出,18.8.4.1
2020,5651089800,100000,無細項,農業委員會主管,家畜衛生試驗所,第一預備金,農業支出,18.8.5
2020,5251091000,171765000,無細項,農業委員會主管,農業藥物毒物試驗所,農業藥物及植物保護試驗研究,科學支出,18.9.1
2020,5651090100,134678000,無細項,農業委員會主管,農業藥物毒物試驗所,一般行政,農業支出,18.9.2
2020,5651092000,61404000,無細項,農業委員會主管,農業藥物毒物試驗所,農藥檢驗及登記管理,農業支出,18.9.3
2020,5651099800,100000,無細項,農業委員會主管,農業藥物毒物試驗所,第一預備金,農業支出,18.9.4
2020,5251101000,69372000,無細項,農業委員會主管,特有生物研究保育中心,特有生物研究,科學支出,18.10.1
2020,5651100100,162911000,無細項,農業委員會主管,特有生物研究保育中心,一般行政,農業支出,18.10.2
2020,5651102000,44850000,無細項,農業委員會主管,特有生物研究保育中心,農業試驗發展,農業支出,18.10.3
2020,5651109800,80000,無細項,農業委員會主管,特有生物研究保育中心,第一預備金,農業支出,18.10.4
2020,5251111000,88723000,無細項,農業委員會主管,茶業改良場,茶業技術研究改良,科學支出,18.11.1
2020,5651110100,140084000,無細項,農業委員會主管,茶業改良場,一般行政,農業支出,18.11.2
2020,5651111000,7466000,無細項,農業委員會主管,茶業改良場,農業試驗發展,農業支出,18.11.3
2020,5651119800,100000,無細項,農業委員會主管,茶業改良場,第一預備金,農業支出,18.11.4
2020,5251121000,88559000,無細項,農業委員會主管,種苗改良繁殖場,種苗研究與改良,科學支出,18.12.1
2020,5651120100,100861000,無細項,農業委員會主管,種苗改良繁殖場,一般行政,農業支出,18.12.2
2020,5651120200,7124000,無細項,農業委員會主管,種苗改良繁殖場,農業試驗發展,農業支出,18.12.3
2020,5651129000,0,交通及運輸設備,農業委員會主管,種苗改良繁殖場,一般建築及設備,農業支出,18.12.4.1
2020,5651129800,100000,無細項,農業委員會主管,種苗改良繁殖場,第一預備金,農業支出,18.12.5
2020,5251131200,91321000,無細項,農業委員會主管,桃園區農業改良場,農作物改良,科學支出,18.13.1
2020,5651130100,138418000,無細項,農業委員會主管,桃園區農業改良場,一般行政,農業支出,18.13.2
2020,5651130200,9154000,無細項,農業委員會主管,桃園區農業改良場,農業試驗發展,農業支出,18.13.3
2020,5651139000,0,交通及運輸設備,農業委員會主管,桃園區農業改良場,一般建築及設備,農業支出,18.13.4.1
2020,5651139800,100000,無細項,農業委員會主管,桃園區農業改良場,第一預備金,農業支出,18.13.5
2020,5251141000,47471000,無細項,農業委員會主管,苗栗區農業改良場,農作物改良,科學支出,18.14.1
2020,5651140100,97287000,無細項,農業委員會主管,苗栗區農業改良場,一般行政,農業支出,18.14.2
2020,5651141000,13637000,無細項,農業委員會主管,苗栗區農業改良場,農業試驗發展,農業支出,18.14.3
2020,5651149800,100000,無細項,農業委員會主管,苗栗區農業改良場,第一預備金,農業支出,18.14.4
2020,5251151000,91483000,無細項,農業委員會主管,臺中區農業改良場,農作物改良,科學支出,18.15.1
2020,5651150100,136626000,無細項,農業委員會主管,臺中區農業改良場,一般行政,農業支出,18.15.2
2020,5651150200,9539000,無細項,農業委員會主管,臺中區農業改良場,農業試驗發展,農業支出,18.15.3
2020,5651159800,100000,無細項,農業委員會主管,臺中區農業改良場,第一預備金,農業支出,18.15.4
2020,5251161000,111262000,無細項,農業委員會主管,臺南區農業改良場,農作物改良,科學支出,18.16.1
2020,5651160100,145831000,無細項,農業委員會主管,臺南區農業改良場,一般行政,農業支出,18.16.2
2020,5651160200,10646000,無細項,農業委員會主管,臺南區農業改良場,農業試驗發展,農業支出,18.16.3
2020,5651169000,450000,交通及運輸設備,農業委員會主管,臺南區農業改良場,一般建築及設備,農業支出,18.16.4.1
2020,5651169800,100000,無細項,農業委員會主管,臺南區農業改良場,第一預備金,農業支出,18.16.5
2020,5251171000,89496000,無細項,農業委員會主管,高雄區農業改良場,農作物改良,科學支出,18.17.1
2020,5651170100,121194000,無細項,農業委員會主管,高雄區農業改良場,一般行政,農業支出,18.17.2
2020,5651170200,10516000,無細項,農業委員會主管,高雄區農業改良場,農業試驗發展,農業支出,18.17.3
2020,5651179800,100000,無細項,農業委員會主管,高雄區農業改良場,第一預備金,農業支出,18.17.4
2020,5251181000,78565000,無細項,農業委員會主管,花蓮區農業改良場,農作物改良,科學支出,18.18.1
2020,5651180100,87353000,無細項,農業委員會主管,花蓮區農業改良場,一般行政,農業支出,18.18.2
2020,5651180200,76002000,無細項,農業委員會主管,花蓮區農業改良場,農業試驗發展,農業支出,18.18.3
2020,5651189000,3032000,營建工程,農業委員會主管,花蓮區農業改良場,一般建築及設備,農業支出,18.18.4.1
2020,5651189800,100000,無細項,農業委員會主管,花蓮區農業改良場,第一預備金,農業支出,18.18.5
2020,5251191000,49042000,無細項,農業委員會主管,臺東區農業改良場,農作物改良,科學支出,18.19.1
2020,5651190100,88401000,無細項,農業委員會主管,臺東區農業改良場,一般行政,農業支出,18.19.2
2020,5651190200,14032000,無細項,農業委員會主管,臺東區農業改良場,農業試驗發展,農業支出,18.19.3
2020,5651199000,0,交通及運輸設備,農業委員會主管,臺東區農業改良場,一般建築及設備,農業支出,18.19.4.1
2020,5651199800,100000,無細項,農業委員會主管,臺東區農業改良場,第一預備金,農業支出,18.19.5
2020,5251201200,108688000,無細項,農業委員會主管,漁業署及所屬,漁業科技研究發展,科學支出,18.20.1
2020,5651200100,356661000,無細項,農業委員會主管,漁業署及所屬,一般行政,農業支出,18.20.2
2020,5651202000,2672655000,無細項,農業委員會主管,漁業署及所屬,漁業管理,農業支出,18.20.3
2020,5651203000,2380609000,無細項,農業委員會主管,漁業署及所屬,漁業發展,農業支出,18.20.4
2020,5651209000,45410000,營建工程,農業委員會主管,漁業署及所屬,一般建築及設備,農業支出,18.20.5.1
2020,5651209800,1140000,無細項,農業委員會主管,漁業署及所屬,第一預備金,農業支出,18.20.6
2020,5251503000,290871000,無細項,農業委員會主管,動植物防疫檢疫局及所屬,動植物防檢疫技術研發,科學支出,18.21.1
2020,5651500100,716840000,無細項,農業委員會主管,動植物防疫檢疫局及所屬,一般行政,農業支出,18.21.2
2020,5651501000,1025816000,無細項,農業委員會主管,動植物防疫檢疫局及所屬,動植物防檢疫管理,農業支出,18.21.3
2020,5651509000,1150000,交通及運輸設備,農業委員會主管,動植物防疫檢疫局及所屬,一般建築及設備,農業支出,18.21.4.1
2020,5651509800,1500000,無細項,農業委員會主管,動植物防疫檢疫局及所屬,第一預備金,農業支出,18.21.5
2020,5251601000,487000,無細項,農業委員會主管,農業金融局,農業金融研發,科學支出,18.22.1
2020,5651600100,105853000,無細項,農業委員會主管,農業金融局,一般行政,農業支出,18.22.2
2020,5651601000,42915000,無細項,農業委員會主管,農業金融局,農業金融業務,農業支出,18.22.3
2020,5651609000,0,營建工程,農業委員會主管,農業金融局,一般建築及設備,農業支出,18.22.4.1
2020,5651609800,200000,無細項,農業委員會主管,農業金融局,第一預備金,農業支出,18.22.5
2020,5251701000,212512000,無細項,農業委員會主管,農糧署及所屬,農糧科技研發,科學支出,18.23.1
2020,5651700100,736143000,無細項,農業委員會主管,農糧署及所屬,一般行政,農業支出,18.23.2
2020,5651701000,558577000,無細項,農業委員會主管,農糧署及所屬,農糧管理,農業支出,18.23.3
2020,5651709000,1590000,交通及運輸設備,農業委員會主管,農糧署及所屬,一般建築及設備,農業支出,18.23.4.1
2020,5651709800,1000000,無細項,農業委員會主管,農糧署及所屬,第一預備金,農業支出,18.23.5
2020,5157011100,245099000,無細項,衛生福利部主管,衛生福利部,公費生培育,教育支出,19.1.1
2020,5257011700,782783000,科技發展工作,衛生福利部主管,衛生福利部,科技業務,科學支出,19.1.2.1
2020,6157012000,30101000,社會保險行政工作,衛生福利部主管,衛生福利部,社會保險業務,社會保險支出,19.1.3.1
2020,6257011000,1247849000,無細項,衛生福利部主管,衛生福利部,社會救助業務,社會救助支出,19.1.4
2020,6357011000,145701000,無細項,衛生福利部主管,衛生福利部,社工及社區發展業務,福利服務支出,19.1.5
2020,6357012000,457082000,無細項,衛生福利部主管,衛生福利部,保護服務業務,福利服務支出,19.1.6
2020,6557010100,942507000,無細項,衛生福利部主管,衛生福利部,一般行政,醫療保健支出,19.1.7
2020,6557011000,613145000,無細項,衛生福利部主管,衛生福利部,醫政業務,醫療保健支出,19.1.8
2020,6557011100,1944916000,無細項,衛生福利部主管,衛生福利部,心理及口腔健康業務,醫療保健支出,19.1.9
2020,6557011200,493726000,無細項,衛生福利部主管,衛生福利部,護理及健康照護業務,醫療保健支出,19.1.10
2020,6557011500,114333000,無細項,衛生福利部主管,衛生福利部,中醫藥業務,醫療保健支出,19.1.11
2020,6557011600,87508000,無細項,衛生福利部主管,衛生福利部,綜合規劃業務,醫療保健支出,19.1.12
2020,6557011700,125186000,無細項,衛生福利部主管,衛生福利部,國際衛生業務,醫療保健支出,19.1.13
2020,6557011800,82781000,無細項,衛生福利部主管,衛生福利部,衛生福利資訊業務,醫療保健支出,19.1.14
2020,6557011900,3762242000,無細項,衛生福利部主管,衛生福利部,醫院營運業務,醫療保健支出,19.1.15
2020,6557018100,0,國立臺灣大學附設醫院作業基金,衛生福利部主管,衛生福利部,非營業特種基金,醫療保健支出,19.1.16.1
2020,6557019000,0,營建工程,衛生福利部主管,衛生福利部,一般建築及設備,醫療保健支出,19.1.17.1
2020,6557019800,14000000,無細項,衛生福利部主管,衛生福利部,第一預備金,醫療保健支出,19.1.18
2020,5257050400,304872000,無細項,衛生福利部主管,疾病管制署,科技業務,科學支出,19.2.1
2020,6557050100,1028988000,無細項,衛生福利部主管,疾病管制署,一般行政,醫療保健支出,19.2.2
2020,6557050200,4464510000,無細項,衛生福利部主管,疾病管制署,防疫業務,醫療保健支出,19.2.3
2020,6557059800,50000,無細項,衛生福利部主管,疾病管制署,第一預備金,醫療保健支出,19.2.4
2020,5257150300,531541000,無細項,衛生福利部主管,食品藥物管理署,科技業務,科學支出,19.3.1
2020,6557150100,783116000,無細項,衛生福利部主管,食品藥物管理署,一般行政,醫療保健支出,19.3.2
2020,6557150200,770471000,食品管理工作,衛生福利部主管,食品藥物管理署,食品藥物管理業務,醫療保健支出,19.3.3.1
2020,6557159800,28000,無細項,衛生福利部主管,食品藥物管理署,第一預備金,醫療保健支出,19.3.4
2020,5257250300,247440000,無細項,衛生福利部主管,中央健康保險署,科技業務,科學支出,19.4.1
2020,6157250100,2984442000,無細項,衛生福利部主管,中央健康保險署,一般行政,社會保險支出,19.4.2
2020,6157250200,2337531000,無細項,衛生福利部主管,中央健康保險署,健保業務,社會保險支出,19.4.3
2020,6157259000,37530000,營建工程,衛生福利部主管,中央健康保險署,一般建築及設備,社會保險支出,19.4.4.1
2020,6157259800,10000,無細項,衛生福利部主管,中央健康保險署,第一預備金,社會保險支出,19.4.5
2020,5257301800,133228000,無細項,衛生福利部主管,國民健康署,科技業務,科學支出,19.5.1
2020,6557300100,317303000,無細項,衛生福利部主管,國民健康署,一般行政,醫療保健支出,19.5.2
2020,6557301000,1364240000,無細項,衛生福利部主管,國民健康署,國民健康業務,醫療保健支出,19.5.3
2020,6557309000,33335000,營建工程,衛生福利部主管,國民健康署,一般建築及設備,醫療保健支出,19.5.4.1
2020,6557309800,10000,無細項,衛生福利部主管,國民健康署,第一預備金,醫療保健支出,19.5.5
2020,5257351100,28374000,無細項,衛生福利部主管,社會及家庭署,科技業務,科學支出,19.6.1
2020,6157351200,4908138000,無細項,衛生福利部主管,社會及家庭署,社會保險業務,社會保險支出,19.6.2
2020,6357350100,177200000,無細項,衛生福利部主管,社會及家庭署,一般行政,福利服務支出,19.6.3
2020,6357351300,17384255000,無細項,衛生福利部主管,社會及家庭署,社會福利服務業務,福利服務支出,19.6.4
2020,6357358100,156769000,衛生福利特別收入基金,衛生福利部主管,社會及家庭署,非營業特種基金,福利服務支出,19.6.5.1
2020,6357359000,635000,交通及運輸設備,衛生福利部主管,社會及家庭署,一般建築及設備,福利服務支出,19.6.6.1
2020,6357359800,1044000,無細項,衛生福利部主管,社會及家庭署,第一預備金,福利服務支出,19.6.7
2020,5257451000,20658000,無細項,衛生福利部主管,國家中醫藥研究所,科技業務,科學支出,19.7.1
2020,6557450100,102264000,無細項,衛生福利部主管,國家中醫藥研究所,一般行政,醫療保健支出,19.7.2
2020,6557452000,42878000,無細項,衛生福利部主管,國家中醫藥研究所,研究及實驗,醫療保健支出,19.7.3
2020,6557459800,6000,無細項,衛生福利部主管,國家中醫藥研究所,第一預備金,醫療保健支出,19.7.4
2020,5260011700,85351000,無細項,環境保護署主管,環境保護署,科技發展,科學支出,20.1.1
2020,7160010100,832306000,無細項,環境保護署主管,環境保護署,一般行政,環境保護支出,20.1.2
2020,7160011000,43003000,綜合企劃,環境保護署主管,環境保護署,綜合計畫,環境保護支出,20.1.3.1
2020,7160011100,9100000,無細項,環境保護署主管,環境保護署,空氣品質保護及噪音管制,環境保護支出,20.1.4
2020,7160011200,28506000,無細項,環境保護署主管,環境保護署,水質保護,環境保護支出,20.1.5
2020,7160011300,148017000,無細項,環境保護署主管,環境保護署,廢棄物管理,環境保護支出,20.1.6
2020,7160011400,100076000,無細項,環境保護署主管,環境保護署,環境衛生管理,環境保護支出,20.1.7
2020,7160011500,22059000,無細項,環境保護署主管,環境保護署,管制考核及糾紛處理,環境保護支出,20.1.8
2020,7160011600,134721000,無細項,環境保護署主管,環境保護署,環境監測資訊,環境保護支出,20.1.9
2020,7160018800,109550000,無細項,環境保護署主管,環境保護署,區域環境管理,環境保護支出,20.1.10
2020,7160019800,4000000,無細項,環境保護署主管,環境保護署,第一預備金,環境保護支出,20.1.11
2020,5260031100,3653000,無細項,環境保護署主管,毒物及化學物質局,科技發展,科學支出,20.2.1
2020,7160030100,154002000,無細項,環境保護署主管,毒物及化學物質局,一般行政,環境保護支出,20.2.2
2020,7160031000,32085000,無細項,環境保護署主管,毒物及化學物質局,綜合企劃,環境保護支出,20.2.3
2020,7160031100,106782000,無細項,環境保護署主管,毒物及化學物質局,化學物質評估與管理,環境保護支出,20.2.4
2020,7160031200,674438000,無細項,環境保護署主管,毒物及化學物質局,毒性化學物質危害防制,環境保護支出,20.2.5
2020,7160031300,56657000,無細項,環境保護署主管,毒物及化學物質局,化學物質查核及資訊,環境保護支出,20.2.6
2020,7160039800,500000,無細項,環境保護署主管,毒物及化學物質局,第一預備金,環境保護支出,20.2.7
2020,5260101100,25976000,無細項,環境保護署主管,環境檢驗所,科技發展,科學支出,20.3.1
2020,7160100100,145484000,無細項,環境保護署主管,環境檢驗所,一般行政,環境保護支出,20.3.2
2020,7160101000,23063000,檢驗業務規劃管理,環境保護署主管,環境檢驗所,環境檢驗,環境保護支出,20.3.3.1
2020,7160109800,200000,無細項,環境保護署主管,環境檢驗所,第一預備金,環境保護支出,20.3.4
2020,7160200100,52504000,無細項,環境保護署主管,環境保護人員訓練所,一般行政,環境保護支出,20.4.1
2020,7160201000,16570000,無細項,環境保護署主管,環境保護人員訓練所,環境保護人員訓練,環境保護支出,20.4.2
2020,7160209000,635000,交通及運輸設備,環境保護署主管,環境保護人員訓練所,一般建築及設備,環境保護支出,20.4.3.1
2020,7160209800,100000,無細項,環境保護署主管,環境保護人員訓練所,第一預備金,環境保護支出,20.4.4
2020,5361010100,541501000,無細項,文化部主管,文化部,一般行政,文化支出,21.1.1
2020,5361012000,224274000,無細項,文化部主管,文化部,綜合規劃業務,文化支出,21.1.2
2020,5361013000,607304000,文化資源業務推動與輔導,文化部主管,文化部,文化資源業務,文化支出,21.1.3.1
2020,5361014000,1714581000,無細項,文化部主管,文化部,文化創意產業發展業務,文化支出,21.1.4
2020,5361015000,1070746000,影視及流行音樂策劃與發展,文化部主管,文化部,影視及流行音樂發展業務,文化支出,21.1.5.1
2020,5361016000,914301000,人文文學及出版業務推展與輔導,文化部主管,文化部,人文及出版業務,文化支出,21.1.6.1
2020,5361017000,819870000,視覺及表演藝術之策劃與發展,文化部主管,文化部,藝術發展業務,文化支出,21.1.7.1
2020,5361017100,509032000,無細項,文化部主管,文化部,文化交流業務,文化支出,21.1.8
2020,5361017200,28304000,無細項,文化部主管,文化部,蒙藏文化中心業務,文化支出,21.1.9
2020,5361018100,356194000,國立文化機構作業基金,文化部主管,文化部,非營業特種基金,文化支出,21.1.10.1
2020,5361019000,0,交通及運輸設備,文化部主管,文化部,一般建築及設備,文化支出,21.1.11.1
2020,5361019800,23000000,無細項,文化部主管,文化部,第一預備金,文化支出,21.1.12
2020,5361100100,185727000,無細項,文化部主管,文化資產局,一般行政,文化支出,21.2.1
2020,5361100200,2310719000,無細項,文化部主管,文化資產局,文化資產業務,文化支出,21.2.2
2020,5361109000,0,交通及運輸設備,文化部主管,文化資產局,一般建築及設備,文化支出,21.2.3.1
2020,5361109800,1000000,無細項,文化部主管,文化資產局,第一預備金,文化支出,21.2.4
2020,5361200100,106493000,無細項,文化部主管,影視及流行音樂產業局,一般行政,文化支出,21.3.1
2020,5361201000,619369000,無細項,文化部主管,影視及流行音樂產業局,電影事業輔導,文化支出,21.3.2
2020,5361201100,514788000,無細項,文化部主管,影視及流行音樂產業局,廣播電視事業輔導,文化支出,21.3.3
2020,5361201200,464941000,無細項,文化部主管,影視及流行音樂產業局,流行音樂產業輔導,文化支出,21.3.4
2020,5361209800,1000000,無細項,文化部主管,影視及流行音樂產業局,第一預備金,文化支出,21.3.5
2020,5361300100,293402000,無細項,文化部主管,國立傳統藝術中心,一般行政,文化支出,21.4.1
2020,5361300200,937636000,無細項,文化部主管,國立傳統藝術中心,傳統藝術中心業務,文化支出,21.4.2
2020,5361309800,1000000,無細項,文化部主管,國立傳統藝術中心,第一預備金,文化支出,21.4.3
2020,5361400100,133400000,無細項,文化部主管,國立臺灣美術館及所屬,一般行政,文化支出,21.5.1
2020,5361400200,292261000,無細項,文化部主管,國立臺灣美術館及所屬,美術館業務,文化支出,21.5.2
2020,5361400500,93658000,新竹生活美學館業務,文化部主管,國立臺灣美術館及所屬,生活美學業務,文化支出,21.5.3.1
2020,5361409000,190000,交通及運輸設備,文化部主管,國立臺灣美術館及所屬,一般建築及設備,文化支出,21.5.4.1
2020,5361409800,1000000,無細項,文化部主管,國立臺灣美術館及所屬,第一預備金,文化支出,21.5.5
2020,5361500100,119469000,無細項,文化部主管,國立臺灣工藝研究發展中心,一般行政,文化支出,21.6.1
2020,5361500200,171971000,無細項,文化部主管,國立臺灣工藝研究發展中心,工藝研究發展中心業務,文化支出,21.6.2
2020,5361509800,500000,無細項,文化部主管,國立臺灣工藝研究發展中心,第一預備金,文化支出,21.6.3
2020,5361600100,159974000,無細項,文化部主管,國立臺灣博物館,一般行政,文化支出,21.7.1
2020,5361600200,168752000,無細項,文化部主管,國立臺灣博物館,博物館業務,文化支出,21.7.2
2020,5361609800,500000,無細項,文化部主管,國立臺灣博物館,第一預備金,文化支出,21.7.3
2020,5361700100,108712000,無細項,文化部主管,國立臺灣史前文化博物館,一般行政,文化支出,21.8.1
2020,5361702000,161644000,無細項,文化部主管,國立臺灣史前文化博物館,館務業務活動,文化支出,21.8.2
2020,5361709800,500000,無細項,文化部主管,國立臺灣史前文化博物館,第一預備金,文化支出,21.8.3
2020,5361800100,71237000,無細項,文化部主管,國家人權博物館,一般行政,文化支出,21.9.1
2020,5361802000,569258000,無細項,文化部主管,國家人權博物館,博物館業務之推展,文化支出,21.9.2
2020,5361809000,717000,交通及運輸設備,文化部主管,國家人權博物館,一般建築及設備,文化支出,21.9.3.1
2020,5361809800,500000,無細項,文化部主管,國家人權博物館,第一預備金,文化支出,21.9.4
2020,5265010100,457204000,無細項,科技部主管,科技部,一般行政,科學支出,22.1.1
2020,5265012100,235000000,無細項,科技部主管,科技部,國家災害防救科技中心發展計畫,科學支出,22.1.2
2020,5265013100,5282863000,無細項,科技部主管,科技部,財團法人國家實驗研究院發展計畫,科學支出,22.1.3
2020,5265013200,1860000000,無細項,科技部主管,科技部,財團法人國家同步輻射研究中心發展計畫,科學支出,22.1.4
2020,5265014100,0,無細項,科技部主管,科技部,智慧園區推動規劃及管理,科學支出,22.1.5
2020,5265018100,33264522000,國家科學技術發展基金,科技部主管,科技部,非營業特種基金,科學支出,22.1.6.1
2020,5265019800,1510000,無細項,科技部主管,科技部,第一預備金,科學支出,22.1.7
2020,5165101200,437913000,無細項,科技部主管,新竹科學工業園區管理局,園區實驗中學教學與訓輔輔助,教育支出,22.2.1
2020,5165108100,8904000,科學園區管理局作業基金,科技部主管,新竹科學工業園區管理局,非營業特種基金,教育支出,22.2.2.1
2020,5265100100,248030000,無細項,科技部主管,新竹科學工業園區管理局,一般行政,科學支出,22.2.3
2020,5265101000,116576000,綜合企劃,科技部主管,新竹科學工業園區管理局,園區業務推展,科學支出,22.2.4.1
2020,5265101600,800000000,無細項,科技部主管,新竹科學工業園區管理局,新竹生物醫學園區第二生技大樓工程計畫,科學支出,22.2.5
2020,5265109800,1000000,無細項,科技部主管,新竹科學工業園區管理局,第一預備金,科學支出,22.2.6
2020,5165200200,145290000,無細項,科技部主管,中部科學工業園區管理局,園區實驗中學教學與訓輔輔助,教育支出,22.3.1
2020,5165208100,2130000,科學園區管理局作業基金,科技部主管,中部科學工業園區管理局,非營業特種基金,教育支出,22.3.2.1
2020,5265200100,209307000,無細項,科技部主管,中部科學工業園區管理局,一般行政,科學支出,22.3.3
2020,5265201000,1342000,企劃行政,科技部主管,中部科學工業園區管理局,園區業務推展,科學支出,22.3.4.1
2020,5265209800,1000000,無細項,科技部主管,中部科學工業園區管理局,第一預備金,科學支出,22.3.5
2020,5165300200,324712000,無細項,科技部主管,南部科學工業園區管理局,園區實驗中學教學與訓輔輔助,教育支出,22.4.1
2020,5165308100,6350000,科學園區管理局作業基金,科技部主管,南部科學工業園區管理局,非營業特種基金,教育支出,22.4.2.1
2020,5265300100,204400000,無細項,科技部主管,南部科學工業園區管理局,一般行政,科學支出,22.4.3
2020,5265301000,42368000,綜合企劃,科技部主管,南部科學工業園區管理局,園區業務推展,科學支出,22.4.4.1
2020,5265309800,1000000,無細項,科技部主管,南部科學工業園區管理局,第一預備金,科學支出,22.4.5
2020,4066010100,198386000,無細項,金融監督管理委員會主管,金融監督管理委員會,一般行政,財務支出,23.1.1
2020,4066010200,57799000,無細項,金融監督管理委員會主管,金融監督管理委員會,金融監理,財務支出,23.1.2
2020,4066019800,320000,無細項,金融監督管理委員會主管,金融監督管理委員會,第一預備金,財務支出,23.1.3
2020,4066100100,338156000,無細項,金融監督管理委員會主管,銀行局,一般行政,財務支出,23.2.1
2020,4066100300,7859000,無細項,金融監督管理委員會主管,銀行局,銀行監理,財務支出,23.2.2
2020,4066109800,170000,無細項,金融監督管理委員會主管,銀行局,第一預備金,財務支出,23.2.3
2020,4066200100,325468000,無細項,金融監督管理委員會主管,證券期貨局,一般行政,財務支出,23.3.1
2020,4066200400,9610000,無細項,金融監督管理委員會主管,證券期貨局,證券期貨市場監理,財務支出,23.3.2
2020,4066209000,0,交通及運輸設備,金融監督管理委員會主管,證券期貨局,一般建築及設備,財務支出,23.3.3.1
2020,4066209800,100000,無細項,金融監督管理委員會主管,證券期貨局,第一預備金,財務支出,23.3.4
2020,4066300100,144745000,無細項,金融監督管理委員會主管,保險局,一般行政,財務支出,23.4.1
2020,4066300500,5396000,無細項,金融監督管理委員會主管,保險局,保險監理,財務支出,23.4.2
2020,4066309800,50000,無細項,金融監督管理委員會主管,保險局,第一預備金,財務支出,23.4.3
2020,4066400100,428005000,無細項,金融監督管理委員會主管,檢查局,一般行政,財務支出,23.5.1
2020,4066400600,23551000,無細項,金融監督管理委員會主管,檢查局,金融機構檢查,財務支出,23.5.2
2020,4066409800,431000,無細項,金融監督管理委員會主管,檢查局,第一預備金,財務支出,23.5.3
2020,3767010100,245129000,無細項,海洋委員會主管,海洋委員會,一般行政,民政支出,24.1.1
2020,3767010200,263212000,無細項,海洋委員會主管,海洋委員會,海洋業務,民政支出,24.1.2
2020,3767019000,1640000,交通及運輸設備,海洋委員會主管,海洋委員會,一般建築及設備,民政支出,24.1.3.1
2020,3767019800,3500000,無細項,海洋委員會主管,海洋委員會,第一預備金,民政支出,24.1.4
2020,3767100100,12285672000,無細項,海洋委員會主管,海巡署及所屬,一般行政,民政支出,24.2.1
2020,3767100200,355763000,海巡規劃及管理,海洋委員會主管,海巡署及所屬,海巡業務,民政支出,24.2.2.1
2020,3767109000,32133000,交通及運輸設備,海洋委員會主管,海巡署及所屬,一般建築及設備,民政支出,24.2.3.1
2020,3767109800,25000000,無細項,海洋委員會主管,海巡署及所屬,第一預備金,民政支出,24.2.4
2020,7167200100,119474000,無細項,海洋委員會主管,海洋保育署,一般行政,環境保護支出,24.3.1
2020,7167200200,155134000,無細項,海洋委員會主管,海洋保育署,海洋保育業務,環境保護支出,24.3.2
2020,7167209000,0,交通及運輸設備,海洋委員會主管,海洋保育署,一般建築及設備,環境保護支出,24.3.3.1
2020,7167209800,1430000,無細項,海洋委員會主管,海洋保育署,第一預備金,環境保護支出,24.3.4
2020,3767300100,136350000,無細項,海洋委員會主管,國家海洋研究院,一般行政,民政支出,24.4.1
2020,3767300200,116836000,無細項,海洋委員會主管,國家海洋研究院,海洋研究業務,民政支出,24.4.2
2020,3767309800,2000000,無細項,海洋委員會主管,國家海洋研究院,第一預備金,民政支出,24.4.3
2020,5169010500,1025034000,無細項,國軍退除役官兵輔導委員會主管,國軍退除役官兵輔導委員會,醫學臨床教學研究,教育支出,25.1.1
2020,5169010700,13735000,無細項,國軍退除役官兵輔導委員會主管,國軍退除役官兵輔導委員會,退除役官兵就學、職訓,教育支出,25.1.2
2020,6169010400,9365304000,無細項,國軍退除役官兵輔導委員會主管,國軍退除役官兵輔導委員會,榮民及榮眷健康保險,社會保險支出,25.1.3
2020,6269010900,618228000,無細項,國軍退除役官兵輔導委員會主管,國軍退除役官兵輔導委員會,退除役官兵服務救助與照顧,社會救助支出,25.1.4
2020,6369010100,3121073000,無細項,國軍退除役官兵輔導委員會主管,國軍退除役官兵輔導委員會,一般行政,福利服務支出,25.1.5
2020,6369010300,2367847000,無細項,國軍退除役官兵輔導委員會主管,國軍退除役官兵輔導委員會,榮民醫療照護,福利服務支出,25.1.6
2020,6369010600,4553000,無細項,國軍退除役官兵輔導委員會主管,國軍退除役官兵輔導委員會,林區永續經營,福利服務支出,25.1.7
2020,6369010800,7774710000,無細項,國軍退除役官兵輔導委員會主管,國軍退除役官兵輔導委員會,榮民安養及養護,福利服務支出,25.1.8
2020,6369018100,563675000,醫療作業基金,國軍退除役官兵輔導委員會主管,國軍退除役官兵輔導委員會,非營業特種基金,福利服務支出,25.1.9.1
2020,6369019000,386709000,營建工程,國軍退除役官兵輔導委員會主管,國軍退除役官兵輔導委員會,一般建築及設備,福利服務支出,25.1.10.1
2020,6369019800,19000000,無細項,國軍退除役官兵輔導委員會主管,國軍退除役官兵輔導委員會,第一預備金,福利服務支出,25.1.11
2020,7669019600,103017980000,無細項,國軍退除役官兵輔導委員會主管,國軍退除役官兵輔導委員會,退除役官兵退休給付,退休撫卹給付支出,25.1.12
2020,7769019700,6144000,無細項,國軍退除役官兵輔導委員會主管,國軍退除役官兵輔導委員會,退除役官兵退休業務,退休撫卹業務支出,25.1.13
2020,5171185100,48025763000,無細項,省市地方政府,補助直轄市及縣市政府,直轄市及縣市教育補助,教育支出,26.1.1
2020,5871186000,11000000000,無細項,省市地方政府,補助直轄市及縣市政府,直轄市及縣市交通補助,交通支出,26.1.2
2020,5971186100,24700000000,無細項,省市地方政府,補助直轄市及縣市政府,直轄市及縣市其他經濟服務補助,其他經濟服務支出,26.1.3
2020,6171186600,853247000,無細項,省市地方政府,補助直轄市及縣市政府,直轄市及縣市社會保險補助,社會保險支出,26.1.4
2020,6271186700,6887451000,無細項,省市地方政府,補助直轄市及縣市政府,直轄市及縣市社會救助補助,社會救助支出,26.1.5
2020,6371186800,33938977000,無細項,省市地方政府,補助直轄市及縣市政府,直轄市及縣市福利服務補助,福利服務支出,26.1.6
2020,8671188400,17508657000,無細項,省市地方政府,補助直轄市及縣市政府,直轄市及縣市其他基本財政支出補助,專案補助支出,26.1.7
2020,8671189100,0,無細項,省市地方政府,補助直轄市及縣市政府,直轄市及縣市保障財源補助,專案補助支出,26.1.8
2020,8671189200,35147000,無細項,省市地方政府,補助直轄市及縣市政府,直轄市及縣市繳款專案補助,專案補助支出,26.1.9
2020,8771188500,33264853000,無細項,省市地方政府,補助直轄市及縣市政府,直轄市及縣市平衡預算補助,平衡預算補助支出,26.1.10
